PERMNO,date,PRC,CFACPR
84398,2021-01-04,368.79001,1
84398,2021-01-05,371.32999,1
84398,2021-01-06,373.54999,1
84398,2021-01-07,379.10001,1
84398,2021-01-08,381.26001,1
84398,2021-01-11,378.69000,1
84398,2021-01-12,378.76999,1
84398,2021-01-13,379.79001,1
84398,2021-01-14,378.45999,1
84398,2021-01-15,375.70001,1
84398,2021-01-19,378.64999,1
84398,2021-01-20,383.89001,1
84398,2021-01-21,384.23999,1
84398,2021-01-22,382.88000,1
84398,2021-01-25,384.39001,1
84398,2021-01-26,383.79001,1
84398,2021-01-27,374.41000,1
84398,2021-01-28,377.63000,1
84398,2021-01-29,370.07001,1
84398,2021-02-01,376.23001,1
84398,2021-02-02,381.54999,1
84398,2021-02-03,381.85001,1
84398,2021-02-04,386.19000,1
84398,2021-02-05,387.70999,1
84398,2021-02-08,390.51001,1
84398,2021-02-09,390.25000,1
84398,2021-02-10,390.07999,1
84398,2021-02-11,390.70999,1
84398,2021-02-12,392.64001,1
84398,2021-02-16,392.29999,1
84398,2021-02-17,392.39001,1
84398,2021-02-18,390.72000,1
84398,2021-02-19,390.03000,1
84398,2021-02-22,387.03000,1
84398,2021-02-23,387.50000,1
84398,2021-02-24,391.76999,1
84398,2021-02-25,382.32999,1
84398,2021-02-26,380.35999,1
84398,2021-03-01,389.57999,1
84398,2021-03-02,386.54001,1
84398,2021-03-03,381.42001,1
84398,2021-03-04,376.70001,1
84398,2021-03-05,383.63000,1
84398,2021-03-08,381.72000,1
84398,2021-03-09,387.17001,1
84398,2021-03-10,389.57999,1
84398,2021-03-11,393.53000,1
84398,2021-03-12,394.06000,1
84398,2021-03-15,396.41000,1
84398,2021-03-16,395.91000,1
84398,2021-03-17,397.26001,1
84398,2021-03-18,391.48001,1
84398,2021-03-19,389.48001,1
84398,2021-03-22,392.59000,1
84398,2021-03-23,389.50000,1
84398,2021-03-24,387.51999,1
84398,2021-03-25,389.70001,1
84398,2021-03-26,395.98001,1
84398,2021-03-29,395.78000,1
84398,2021-03-30,394.73001,1
84398,2021-03-31,396.32999,1
84398,2021-04-01,400.60999,1
84398,2021-04-05,406.35999,1
84398,2021-04-06,406.12000,1
84398,2021-04-07,406.59000,1
84398,2021-04-08,408.51999,1
84398,2021-04-09,411.48999,1
84398,2021-04-12,411.64001,1
84398,2021-04-13,412.85999,1
84398,2021-04-14,411.45001,1
84398,2021-04-15,415.87000,1
84398,2021-04-16,417.26001,1
84398,2021-04-19,415.20999,1
84398,2021-04-20,412.17001,1
84398,2021-04-21,416.07001,1
84398,2021-04-22,412.26999,1
84398,2021-04-23,416.73999,1
84398,2021-04-26,417.60999,1
84398,2021-04-27,417.51999,1
84398,2021-04-28,417.39999,1
84398,2021-04-29,420.06000,1
84398,2021-04-30,417.29999,1
84398,2021-05-03,418.20001,1
84398,2021-05-04,415.62000,1
84398,2021-05-05,415.75000,1
84398,2021-05-06,419.07001,1
84398,2021-05-07,422.12000,1
84398,2021-05-10,417.94000,1
84398,2021-05-11,414.20999,1
84398,2021-05-12,405.41000,1
84398,2021-05-13,410.28000,1
84398,2021-05-14,416.57999,1
84398,2021-05-17,415.51999,1
84398,2021-05-18,411.94000,1
84398,2021-05-19,410.85999,1
84398,2021-05-20,415.28000,1
84398,2021-05-21,414.94000,1
84398,2021-05-24,419.17001,1
84398,2021-05-25,418.23999,1
84398,2021-05-26,419.07001,1
84398,2021-05-27,419.29001,1
84398,2021-05-28,420.04001,1
84398,2021-06-01,419.67001,1
84398,2021-06-02,420.32999,1
84398,2021-06-03,418.76999,1
84398,2021-06-04,422.60001,1
84398,2021-06-07,422.19000,1
84398,2021-06-08,422.28000,1
84398,2021-06-09,421.64999,1
84398,2021-06-10,423.60999,1
84398,2021-06-11,424.31000,1
84398,2021-06-14,425.26001,1
84398,2021-06-15,424.48001,1
84398,2021-06-16,422.10999,1
84398,2021-06-17,421.97000,1
84398,2021-06-18,414.92001,1
84398,2021-06-21,420.85999,1
84398,2021-06-22,423.10999,1
84398,2021-06-23,422.60001,1
84398,2021-06-24,425.10001,1
84398,2021-06-25,426.60999,1
84398,2021-06-28,427.47000,1
84398,2021-06-29,427.70001,1
84398,2021-06-30,428.06000,1
84398,2021-07-01,430.42999,1
84398,2021-07-02,433.72000,1
84398,2021-07-06,432.92999,1
84398,2021-07-07,434.45999,1
84398,2021-07-08,430.92001,1
84398,2021-07-09,435.51999,1
84398,2021-07-12,437.07999,1
84398,2021-07-13,435.59000,1
84398,2021-07-14,436.23999,1
84398,2021-07-15,434.75000,1
84398,2021-07-16,431.34000,1
84398,2021-07-19,424.97000,1
84398,2021-07-20,431.06000,1
84398,2021-07-21,434.54999,1
84398,2021-07-22,435.45999,1
84398,2021-07-23,439.94000,1
84398,2021-07-26,441.01999,1
84398,2021-07-27,439.01001,1
84398,2021-07-28,438.82999,1
84398,2021-07-29,440.64999,1
84398,2021-07-30,438.51001,1
84398,2021-08-02,437.59000,1
84398,2021-08-03,441.14999,1
84398,2021-08-04,438.98001,1
84398,2021-08-05,441.76001,1
84398,2021-08-06,442.48999,1
84398,2021-08-09,442.13000,1
84398,2021-08-10,442.67999,1
84398,2021-08-11,443.78000,1
84398,2021-08-12,445.10999,1
84398,2021-08-13,445.92001,1
84398,2021-08-16,446.97000,1
84398,2021-08-17,444.04001,1
84398,2021-08-18,439.17999,1
84398,2021-08-19,439.85999,1
84398,2021-08-20,443.35999,1
84398,2021-08-23,447.26001,1
84398,2021-08-24,447.97000,1
84398,2021-08-25,448.91000,1
84398,2021-08-26,446.26001,1
84398,2021-08-27,450.25000,1
84398,2021-08-30,452.23001,1
84398,2021-08-31,451.56000,1
84398,2021-09-01,451.79999,1
84398,2021-09-02,453.19000,1
84398,2021-09-03,453.07999,1
84398,2021-09-07,451.45999,1
84398,2021-09-08,450.91000,1
84398,2021-09-09,448.98001,1
84398,2021-09-10,445.44000,1
84398,2021-09-13,446.57999,1
84398,2021-09-14,444.17001,1
84398,2021-09-15,447.88000,1
84398,2021-09-16,447.17001,1
84398,2021-09-17,441.39999,1
84398,2021-09-20,434.04001,1
84398,2021-09-21,433.63000,1
84398,2021-09-22,437.85999,1
84398,2021-09-23,443.17999,1
84398,2021-09-24,443.91000,1
84398,2021-09-27,442.64001,1
84398,2021-09-28,433.72000,1
84398,2021-09-29,434.45001,1
84398,2021-09-30,429.14001,1
84398,2021-10-01,434.23999,1
84398,2021-10-04,428.64001,1
84398,2021-10-05,433.10001,1
84398,2021-10-06,434.89999,1
84398,2021-10-07,438.66000,1
84398,2021-10-08,437.85999,1
84398,2021-10-11,434.69000,1
84398,2021-10-12,433.62000,1
84398,2021-10-13,435.17999,1
84398,2021-10-14,442.50000,1
84398,2021-10-15,445.87000,1
84398,2021-10-18,447.19000,1
84398,2021-10-19,450.64001,1
84398,2021-10-20,452.41000,1
84398,2021-10-21,453.59000,1
84398,2021-10-22,453.12000,1
84398,2021-10-25,455.54999,1
84398,2021-10-26,455.95999,1
84398,2021-10-27,453.94000,1
84398,2021-10-28,458.32001,1
84398,2021-10-29,459.25000,1
84398,2021-11-01,460.04001,1
84398,2021-11-02,461.89999,1
84398,2021-11-03,464.72000,1
84398,2021-11-04,466.91000,1
84398,2021-11-05,468.53000,1
84398,2021-11-08,468.92999,1
84398,2021-11-09,467.38000,1
84398,2021-11-10,463.62000,1
84398,2021-11-11,463.76999,1
84398,2021-11-12,467.26999,1
84398,2021-11-15,467.42999,1
84398,2021-11-16,469.28000,1
84398,2021-11-17,468.14001,1
84398,2021-11-18,469.73001,1
84398,2021-11-19,468.89001,1
84398,2021-11-22,467.57001,1
84398,2021-11-23,468.19000,1
84398,2021-11-24,469.44000,1
84398,2021-11-26,458.97000,1
84398,2021-11-29,464.60001,1
84398,2021-11-30,455.56000,1
84398,2021-12-01,450.50000,1
84398,2021-12-02,457.39999,1
84398,2021-12-03,453.42001,1
84398,2021-12-06,458.79001,1
84398,2021-12-07,468.28000,1
84398,2021-12-08,469.51999,1
84398,2021-12-09,466.35001,1
84398,2021-12-10,470.73999,1
84398,2021-12-13,466.57001,1
84398,2021-12-14,463.35999,1
84398,2021-12-15,470.60001,1
84398,2021-12-16,466.45001,1
84398,2021-12-17,459.87000,1
84398,2021-12-20,454.98001,1
84398,2021-12-21,463.06000,1
84398,2021-12-22,467.69000,1
84398,2021-12-23,470.60001,1
84398,2021-12-27,477.26001,1
84398,2021-12-28,476.87000,1
84398,2021-12-29,477.48001,1
84398,2021-12-30,476.16000,1
84398,2021-12-31,474.95999,1
84398,2022-01-03,477.70999,1
84398,2022-01-04,477.54999,1
84398,2022-01-05,468.38000,1
84398,2022-01-06,467.94000,1
84398,2022-01-07,466.09000,1
84398,2022-01-10,465.51001,1
84398,2022-01-11,469.75000,1
84398,2022-01-12,471.01999,1
84398,2022-01-13,464.53000,1
84398,2022-01-14,464.72000,1
84398,2022-01-18,456.48999,1
84398,2022-01-19,451.75000,1
84398,2022-01-20,446.75000,1
84398,2022-01-21,437.98001,1
84398,2022-01-24,439.84000,1
84398,2022-01-25,434.47000,1
84398,2022-01-26,433.38000,1
84398,2022-01-27,431.23999,1
84398,2022-01-28,441.95001,1
84398,2022-01-31,449.91000,1
84398,2022-02-01,452.95001,1
84398,2022-02-02,457.35001,1
84398,2022-02-03,446.60001,1
84398,2022-02-04,448.70001,1
84398,2022-02-07,447.26001,1
84398,2022-02-08,450.94000,1
84398,2022-02-09,457.54001,1
84398,2022-02-10,449.32001,1
84398,2022-02-11,440.45999,1
84398,2022-02-14,439.01999,1
84398,2022-02-15,446.10001,1
84398,2022-02-16,446.60001,1
84398,2022-02-17,437.06000,1
84398,2022-02-18,434.23001,1
84398,2022-02-22,429.57001,1
84398,2022-02-23,421.95001,1
84398,2022-02-24,428.29999,1
84398,2022-02-25,437.75000,1
84398,2022-02-28,436.63000,1
84398,2022-03-01,429.98001,1
84398,2022-03-02,437.89001,1
84398,2022-03-03,435.70999,1
84398,2022-03-04,432.17001,1
84398,2022-03-07,419.42999,1
84398,2022-03-08,416.25000,1
84398,2022-03-09,427.41000,1
84398,2022-03-10,425.48001,1
84398,2022-03-11,420.07001,1
84398,2022-03-14,417.00000,1
84398,2022-03-15,426.17001,1
84398,2022-03-16,435.62000,1
84398,2022-03-17,441.07001,1
84398,2022-03-18,444.51999,1
84398,2022-03-21,444.39001,1
84398,2022-03-22,449.59000,1
84398,2022-03-23,443.79999,1
84398,2022-03-24,450.48999,1
84398,2022-03-25,452.69000,1
84398,2022-03-28,455.91000,1
84398,2022-03-29,461.54999,1
84398,2022-03-30,458.70001,1
84398,2022-03-31,451.64001,1
84398,2022-04-01,452.92001,1
84398,2022-04-04,456.79999,1
84398,2022-04-05,451.03000,1
84398,2022-04-06,446.51999,1
84398,2022-04-07,448.76999,1
84398,2022-04-08,447.57001,1
84398,2022-04-11,439.92001,1
84398,2022-04-12,438.29001,1
84398,2022-04-13,443.31000,1
84398,2022-04-14,437.79001,1
84398,2022-04-18,437.97000,1
84398,2022-04-19,445.04001,1
84398,2022-04-20,444.70999,1
84398,2022-04-21,438.06000,1
84398,2022-04-22,426.04001,1
84398,2022-04-25,428.51001,1
84398,2022-04-26,416.10001,1
84398,2022-04-27,417.26999,1
84398,2022-04-28,427.81000,1
84398,2022-04-29,412.00000,1
84398,2022-05-02,414.48001,1
84398,2022-05-03,416.38000,1
84398,2022-05-04,429.06000,1
84398,2022-05-05,413.81000,1
84398,2022-05-06,411.34000,1
84398,2022-05-09,398.17001,1
84398,2022-05-10,399.09000,1
84398,2022-05-11,392.75000,1
84398,2022-05-12,392.34000,1
84398,2022-05-13,401.72000,1
84398,2022-05-16,400.09000,1
84398,2022-05-17,408.32001,1
84398,2022-05-18,391.85999,1
84398,2022-05-19,389.45999,1
84398,2022-05-20,389.63000,1
84398,2022-05-23,396.92001,1
84398,2022-05-24,393.89001,1
84398,2022-05-25,397.37000,1
84398,2022-05-26,405.31000,1
84398,2022-05-27,415.26001,1
84398,2022-05-31,412.92999,1
84398,2022-06-01,409.59000,1
84398,2022-06-02,417.39001,1
84398,2022-06-03,410.54001,1
84398,2022-06-06,411.79001,1
84398,2022-06-07,415.73999,1
84398,2022-06-08,411.22000,1
84398,2022-06-09,401.44000,1
84398,2022-06-10,389.79999,1
84398,2022-06-13,375.00000,1
84398,2022-06-14,373.87000,1
84398,2022-06-15,379.20001,1
84398,2022-06-16,366.64999,1
84398,2022-06-17,365.85999,1
84398,2022-06-21,375.07001,1
84398,2022-06-22,374.39001,1
84398,2022-06-23,378.06000,1
84398,2022-06-24,390.07999,1
84398,2022-06-27,388.59000,1
84398,2022-06-28,380.64999,1
84398,2022-06-29,380.34000,1
84398,2022-06-30,377.25000,1
84398,2022-07-01,381.23999,1
84398,2022-07-05,381.95999,1
84398,2022-07-06,383.25000,1
84398,2022-07-07,388.98999,1
84398,2022-07-08,388.67001,1
84398,2022-07-11,384.23001,1
84398,2022-07-12,380.82999,1
84398,2022-07-13,378.82999,1
84398,2022-07-14,377.91000,1
84398,2022-07-15,385.13000,1
84398,2022-07-18,381.95001,1
84398,2022-07-19,392.26999,1
84398,2022-07-20,394.76999,1
84398,2022-07-21,398.79001,1
84398,2022-07-22,395.09000,1
84398,2022-07-25,395.57001,1
84398,2022-07-26,390.89001,1
84398,2022-07-27,401.04001,1
84398,2022-07-28,406.07001,1
84398,2022-07-29,411.98999,1
84398,2022-08-01,410.76999,1
84398,2022-08-02,408.06000,1
84398,2022-08-03,414.45001,1
84398,2022-08-04,414.17001,1
84398,2022-08-05,413.47000,1
84398,2022-08-08,412.98999,1
84398,2022-08-09,411.35001,1
84398,2022-08-10,419.98999,1
84398,2022-08-11,419.98999,1
84398,2022-08-12,427.10001,1
84398,2022-08-15,428.85999,1
84398,2022-08-16,429.70001,1
84398,2022-08-17,426.64999,1
84398,2022-08-18,427.89001,1
84398,2022-08-19,422.14001,1
84398,2022-08-22,413.35001,1
84398,2022-08-23,412.35001,1
84398,2022-08-24,413.67001,1
84398,2022-08-25,419.51001,1
84398,2022-08-26,405.31000,1
84398,2022-08-29,402.63000,1
84398,2022-08-30,398.20999,1
84398,2022-08-31,395.17999,1
84398,2022-09-01,396.42001,1
84398,2022-09-02,392.23999,1
84398,2022-09-06,390.76001,1
84398,2022-09-07,397.78000,1
84398,2022-09-08,400.38000,1
84398,2022-09-09,406.60001,1
84398,2022-09-12,410.97000,1
84398,2022-09-13,393.10001,1
84398,2022-09-14,394.60001,1
84398,2022-09-15,390.12000,1
84398,2022-09-16,385.56000,1
84398,2022-09-19,388.54999,1
84398,2022-09-20,384.09000,1
84398,2022-09-21,377.39001,1
84398,2022-09-22,374.22000,1
84398,2022-09-23,367.95001,1
84398,2022-09-26,364.31000,1
84398,2022-09-27,363.38000,1
84398,2022-09-28,370.53000,1
84398,2022-09-29,362.79001,1
84398,2022-09-30,357.17999,1
84398,2022-10-03,366.60999,1
84398,2022-10-04,377.97000,1
84398,2022-10-05,377.09000,1
84398,2022-10-06,373.20001,1
84398,2022-10-07,362.79001,1
84398,2022-10-10,360.01999,1
84398,2022-10-11,357.73999,1
84398,2022-10-12,356.56000,1
84398,2022-10-13,365.97000,1
84398,2022-10-14,357.63000,1
84398,2022-10-17,366.82001,1
84398,2022-10-18,371.13000,1
84398,2022-10-19,368.50000,1
84398,2022-10-20,365.41000,1
84398,2022-10-21,374.29001,1
84398,2022-10-24,378.87000,1
84398,2022-10-25,384.92001,1
84398,2022-10-26,382.01999,1
84398,2022-10-27,379.98001,1
84398,2022-10-28,389.01999,1
84398,2022-10-31,386.20999,1
84398,2022-11-01,384.51999,1
84398,2022-11-02,374.87000,1
84398,2022-11-03,371.01001,1
84398,2022-11-04,376.35001,1
84398,2022-11-07,379.95001,1
84398,2022-11-08,382.00000,1
84398,2022-11-09,374.13000,1
84398,2022-11-10,394.69000,1
84398,2022-11-11,398.51001,1
84398,2022-11-14,395.12000,1
84398,2022-11-15,398.48999,1
84398,2022-11-16,395.45001,1
84398,2022-11-17,394.23999,1
84398,2022-11-18,396.03000,1
84398,2022-11-21,394.59000,1
84398,2022-11-22,399.89999,1
84398,2022-11-23,402.42001,1
84398,2022-11-25,402.32999,1
84398,2022-11-28,395.91000,1
84398,2022-11-29,395.23001,1
84398,2022-11-30,407.67999,1
84398,2022-12-01,407.38000,1
84398,2022-12-02,406.91000,1
84398,2022-12-05,399.59000,1
84398,2022-12-06,393.82999,1
84398,2022-12-07,393.16000,1
84398,2022-12-08,396.23999,1
84398,2022-12-09,393.28000,1
84398,2022-12-12,398.95001,1
84398,2022-12-13,401.97000,1
84398,2022-12-14,399.39999,1
84398,2022-12-15,389.63000,1
84398,2022-12-16,383.26999,1
84398,2022-12-19,380.01999,1
84398,2022-12-20,380.54001,1
84398,2022-12-21,386.23001,1
84398,2022-12-22,380.72000,1
84398,2022-12-23,382.91000,1
84398,2022-12-27,381.39999,1
84398,2022-12-28,376.66000,1
84398,2022-12-29,383.44000,1
84398,2022-12-30,382.42999,1
84398,2023-01-03,380.82001,1
84398,2023-01-04,383.76001,1
84398,2023-01-05,379.38000,1
84398,2023-01-06,388.07999,1
84398,2023-01-09,387.85999,1
84398,2023-01-10,390.57999,1
84398,2023-01-11,395.51999,1
84398,2023-01-12,396.95999,1
84398,2023-01-13,398.50000,1
84398,2023-01-17,397.76999,1
84398,2023-01-18,391.48999,1
84398,2023-01-19,388.64001,1
84398,2023-01-20,395.88000,1
84398,2023-01-23,400.63000,1
84398,2023-01-24,400.20001,1
84398,2023-01-25,400.35001,1
84398,2023-01-26,404.75000,1
84398,2023-01-27,405.67999,1
84398,2023-01-30,400.59000,1
84398,2023-01-31,406.48001,1
84398,2023-02-01,410.79999,1
84398,2023-02-02,416.78000,1
84398,2023-02-03,412.35001,1
84398,2023-02-06,409.82999,1
84398,2023-02-07,415.19000,1
84398,2023-02-08,410.64999,1
84398,2023-02-09,407.09000,1
84398,2023-02-10,408.04001,1
84398,2023-02-13,412.82999,1
84398,2023-02-14,412.64001,1
84398,2023-02-15,413.98001,1
84398,2023-02-16,408.28000,1
84398,2023-02-17,407.26001,1
84398,2023-02-21,399.09000,1
84398,2023-02-22,398.54001,1
84398,2023-02-23,400.66000,1
84398,2023-02-24,396.38000,1
84398,2023-02-27,397.73001,1
84398,2023-02-28,396.26001,1
84398,2023-03-01,394.73999,1
84398,2023-03-02,397.81000,1
84398,2023-03-03,404.19000,1
84398,2023-03-06,404.47000,1
84398,2023-03-07,398.26999,1
84398,2023-03-08,398.92001,1
84398,2023-03-09,391.56000,1
84398,2023-03-10,385.91000,1
84398,2023-03-13,385.35999,1
84398,2023-03-14,391.73001,1
84398,2023-03-15,389.28000,1
84398,2023-03-16,396.10999,1
84398,2023-03-17,389.98999,1
84398,2023-03-20,393.73999,1
84398,2023-03-21,398.91000,1
84398,2023-03-22,392.10999,1
84398,2023-03-23,393.17001,1
84398,2023-03-24,395.75000,1
84398,2023-03-27,396.48999,1
84398,2023-03-28,395.60001,1
84398,2023-03-29,401.35001,1
84398,2023-03-30,403.70001,1
84398,2023-03-31,409.39001,1
84398,2023-04-03,410.95001,1
84398,2023-04-04,408.67001,1
84398,2023-04-05,407.60001,1
84398,2023-04-06,409.19000,1
84398,2023-04-10,409.60999,1
84398,2023-04-11,409.72000,1
84398,2023-04-12,408.04999,1
84398,2023-04-13,413.47000,1
84398,2023-04-14,412.45999,1
84398,2023-04-17,413.94000,1
84398,2023-04-18,414.20999,1
84398,2023-04-19,414.14001,1
84398,2023-04-20,411.88000,1
84398,2023-04-21,412.20001,1
84398,2023-04-24,412.63000,1
84398,2023-04-25,406.07999,1
84398,2023-04-26,404.35999,1
84398,2023-04-27,412.41000,1
84398,2023-04-28,415.92999,1
84398,2023-05-01,415.51001,1
84398,2023-05-02,410.84000,1
84398,2023-05-03,408.01999,1
84398,2023-05-04,405.13000,1
84398,2023-05-05,412.63000,1
84398,2023-05-08,412.73999,1
84398,2023-05-09,410.92999,1
84398,2023-05-10,412.85001,1
84398,2023-05-11,412.13000,1
84398,2023-05-12,411.59000,1
84398,2023-05-15,413.01001,1
84398,2023-05-16,410.25000,1
84398,2023-05-17,415.23001,1
84398,2023-05-18,419.23001,1
84398,2023-05-19,418.62000,1
84398,2023-05-22,418.79001,1
84398,2023-05-23,414.09000,1
84398,2023-05-24,411.09000,1
84398,2023-05-25,414.64999,1
84398,2023-05-26,420.01999,1
84398,2023-05-30,420.17999,1
84398,2023-05-31,417.85001,1
84398,2023-06-01,421.82001,1
84398,2023-06-02,427.92001,1
84398,2023-06-05,427.10001,1
84398,2023-06-06,428.03000,1
84398,2023-06-07,426.54999,1
84398,2023-06-08,429.13000,1
84398,2023-06-09,429.89999,1
84398,2023-06-12,433.79999,1
84398,2023-06-13,436.66000,1
84398,2023-06-14,437.17999,1
84398,2023-06-15,442.60001,1
84398,2023-06-16,439.45999,1
84398,2023-06-20,437.17999,1
84398,2023-06-21,434.94000,1
84398,2023-06-22,436.51001,1
84398,2023-06-23,433.20999,1
84398,2023-06-26,431.44000,1
84398,2023-06-27,436.17001,1
84398,2023-06-28,436.39001,1
84398,2023-06-29,438.10999,1
84398,2023-06-30,443.28000,1
84398,2023-07-03,443.79001,1
84398,2023-07-05,443.13000,1
84398,2023-07-06,439.66000,1
84398,2023-07-07,438.54999,1
84398,2023-07-10,439.66000,1
84398,2023-07-11,442.45999,1
84398,2023-07-12,446.01999,1
84398,2023-07-13,449.56000,1
84398,2023-07-14,449.28000,1
84398,2023-07-17,450.84000,1
84398,2023-07-18,454.19000,1
84398,2023-07-19,455.20001,1
84398,2023-07-20,452.17999,1
84398,2023-07-21,452.17999,1
84398,2023-07-24,454.20001,1
84398,2023-07-25,455.44000,1
84398,2023-07-26,455.51001,1
84398,2023-07-27,452.48999,1
84398,2023-07-28,456.92001,1
84398,2023-07-31,457.79001,1
84398,2023-08-01,456.48001,1
84398,2023-08-02,450.13000,1
84398,2023-08-03,448.84000,1
84398,2023-08-04,446.81000,1
84398,2023-08-07,450.70999,1
84398,2023-08-08,448.75000,1
84398,2023-08-09,445.75000,1
84398,2023-08-10,445.91000,1
84398,2023-08-11,445.64999,1
84398,2023-08-14,448.10999,1
84398,2023-08-15,442.89001,1
84398,2023-08-16,439.64001,1
84398,2023-08-17,436.29001,1
84398,2023-08-18,436.50000,1
84398,2023-08-21,439.34000,1
84398,2023-08-22,438.14999,1
84398,2023-08-23,443.03000,1
84398,2023-08-24,436.89001,1
84398,2023-08-25,439.97000,1
84398,2023-08-28,442.76001,1
84398,2023-08-29,449.16000,1
84398,2023-08-30,451.01001,1
84398,2023-08-31,450.35001,1
84398,2023-09-01,451.19000,1
84398,2023-09-05,449.23999,1
84398,2023-09-06,446.22000,1
84398,2023-09-07,444.85001,1
84398,2023-09-08,445.51999,1
84398,2023-09-11,448.45001,1
84398,2023-09-12,445.98999,1
84398,2023-09-13,446.51001,1
84398,2023-09-14,450.35999,1
84398,2023-09-15,443.37000,1
84398,2023-09-18,443.63000,1
84398,2023-09-19,442.70999,1
84398,2023-09-20,438.64001,1
84398,2023-09-21,431.39001,1
84398,2023-09-22,430.42001,1
84398,2023-09-25,432.23001,1
84398,2023-09-26,425.88000,1
84398,2023-09-27,426.04999,1
84398,2023-09-28,428.51999,1
84398,2023-09-29,427.48001,1
84398,2023-10-02,427.31000,1
84398,2023-10-03,421.59000,1
84398,2023-10-04,424.66000,1
84398,2023-10-05,424.50000,1
84398,2023-10-06,429.54001,1
84398,2023-10-09,432.29001,1
84398,2023-10-10,434.54001,1
84398,2023-10-11,436.32001,1
84398,2023-10-12,433.66000,1
84398,2023-10-13,431.50000,1
84398,2023-10-16,436.04001,1
84398,2023-10-17,436.01999,1
84398,2023-10-18,430.20999,1
84398,2023-10-19,426.42999,1
84398,2023-10-20,421.19000,1
84398,2023-10-23,420.45999,1
84398,2023-10-24,423.63000,1
84398,2023-10-25,417.54999,1
84398,2023-10-26,412.54999,1
84398,2023-10-27,410.67999,1
84398,2023-10-30,415.59000,1
84398,2023-10-31,418.20001,1
84398,2023-11-01,422.66000,1
84398,2023-11-02,430.76001,1
84398,2023-11-03,434.69000,1
84398,2023-11-06,435.69000,1
84398,2023-11-07,436.92999,1
84398,2023-11-08,437.25000,1
84398,2023-11-09,433.84000,1
84398,2023-11-10,440.60999,1
84398,2023-11-13,440.19000,1
84398,2023-11-14,448.73001,1
84398,2023-11-15,449.67999,1
84398,2023-11-16,450.23001,1
84398,2023-11-17,450.79001,1
84398,2023-11-20,454.26001,1
84398,2023-11-21,453.26999,1
84398,2023-11-22,455.01999,1
84398,2023-11-24,455.29999,1
84398,2023-11-27,454.48001,1
84398,2023-11-28,454.92999,1
84398,2023-11-29,454.60999,1
84398,2023-11-30,456.39999,1
84398,2023-12-01,459.10001,1
84398,2023-12-04,456.69000,1
84398,2023-12-05,456.60001,1
84398,2023-12-06,454.76001,1
84398,2023-12-07,458.23001,1
84398,2023-12-08,460.20001,1
84398,2023-12-11,461.98999,1
84398,2023-12-12,464.10001,1
84398,2023-12-13,470.50000,1
84398,2023-12-14,472.01001,1
84398,2023-12-15,469.32999,1
84398,2023-12-18,471.97000,1
84398,2023-12-19,474.84000,1
84398,2023-12-20,468.26001,1
84398,2023-12-21,472.70001,1
84398,2023-12-22,473.64999,1
84398,2023-12-26,475.64999,1
84398,2023-12-27,476.51001,1
84398,2023-12-28,476.69000,1
84398,2023-12-29,475.31000,1
84398,2024-01-02,472.64999,1
84398,2024-01-03,468.79001,1
84398,2024-01-04,467.28000,1
84398,2024-01-05,467.92001,1
84398,2024-01-08,474.60001,1
84398,2024-01-09,473.88000,1
84398,2024-01-10,476.56000,1
84398,2024-01-11,476.35001,1
84398,2024-01-12,476.67999,1
84398,2024-01-16,474.92999,1
84398,2024-01-17,472.29001,1
84398,2024-01-18,476.48999,1
84398,2024-01-19,482.42999,1
84398,2024-01-22,483.45001,1
84398,2024-01-23,484.85999,1
84398,2024-01-24,485.39001,1
84398,2024-01-25,488.03000,1
84398,2024-01-26,487.41000,1
84398,2024-01-29,491.26999,1
84398,2024-01-30,490.89001,1
84398,2024-01-31,482.88000,1
84398,2024-02-01,489.20001,1
84398,2024-02-02,494.35001,1
84398,2024-02-05,492.54999,1
84398,2024-02-06,493.98001,1
84398,2024-02-07,498.10001,1
84398,2024-02-08,498.32001,1
84398,2024-02-09,501.20001,1
84398,2024-02-12,500.98001,1
84398,2024-02-13,494.07999,1
84398,2024-02-14,498.57001,1
84398,2024-02-15,502.01001,1
84398,2024-02-16,499.51001,1
84398,2024-02-20,496.76001,1
84398,2024-02-21,497.20999,1
84398,2024-02-22,507.50000,1
84398,2024-02-23,507.85001,1
84398,2024-02-26,505.98999,1
84398,2024-02-27,506.92999,1
84398,2024-02-28,506.26001,1
84398,2024-02-29,508.07999,1
84398,2024-03-01,512.84998,1
84398,2024-03-04,512.29999,1
84398,2024-03-05,507.17999,1
84398,2024-03-06,509.75000,1
84398,2024-03-07,514.81000,1
84398,2024-03-08,511.72000,1
84398,2024-03-11,511.28000,1
84398,2024-03-12,516.78003,1
84398,2024-03-13,515.96997,1
84398,2024-03-14,514.95001,1
84398,2024-03-15,509.82999,1
84398,2024-03-18,512.85999,1
84398,2024-03-19,515.71002,1
84398,2024-03-20,520.47998,1
84398,2024-03-21,522.20001,1
84398,2024-03-22,521.21002,1
84398,2024-03-25,519.77002,1
84398,2024-03-26,518.81000,1
84398,2024-03-27,523.16998,1
84398,2024-03-28,523.07001,1
84398,2024-04-01,522.15997,1
84398,2024-04-02,518.84003,1
84398,2024-04-03,519.40997,1
84398,2024-04-04,513.07001,1
84398,2024-04-05,518.42999,1
84398,2024-04-08,518.71997,1
84398,2024-04-09,519.32001,1
84398,2024-04-10,514.12000,1
84398,2024-04-11,518.00000,1
84398,2024-04-12,510.85001,1
84398,2024-04-15,504.45001,1
84398,2024-04-16,503.53000,1
84398,2024-04-17,500.54999,1
84398,2024-04-18,499.51999,1
84398,2024-04-19,495.16000,1
84398,2024-04-22,499.72000,1
84398,2024-04-23,505.64999,1
84398,2024-04-24,505.41000,1
84398,2024-04-25,503.48999,1
84398,2024-04-26,508.26001,1
84398,2024-04-29,510.06000,1
84398,2024-04-30,501.98001,1
84398,2024-05-01,500.35001,1
84398,2024-05-02,505.03000,1
84398,2024-05-03,511.29001,1
84398,2024-05-06,516.57001,1
84398,2024-05-07,517.14001,1
84398,2024-05-08,517.19000,1
84398,2024-05-09,520.16998,1
84398,2024-05-10,520.84003,1
84398,2024-05-13,520.90997,1
84398,2024-05-14,523.29999,1
84398,2024-05-15,529.78003,1
84398,2024-05-16,528.69000,1
84398,2024-05-17,529.45001,1
84398,2024-05-20,530.06000,1
84398,2024-05-21,531.35999,1
84398,2024-05-22,529.83002,1
84398,2024-05-23,525.96002,1
84398,2024-05-24,529.44000,1
84398,2024-05-28,529.81000,1
84398,2024-05-29,526.09998,1
84398,2024-05-30,522.60999,1
84398,2024-05-31,527.37000,1
84398,2024-06-03,527.79999,1
84398,2024-06-04,528.39001,1
84398,2024-06-05,534.66998,1
84398,2024-06-06,534.65997,1
84398,2024-06-07,534.01001,1
84398,2024-06-10,535.65997,1
84398,2024-06-11,536.95001,1
84398,2024-06-12,541.35999,1
84398,2024-06-13,542.45001,1
84398,2024-06-14,542.78003,1
84398,2024-06-17,547.09998,1
84398,2024-06-18,548.48999,1
84398,2024-06-20,547.00000,1
84398,2024-06-21,544.51001,1
84398,2024-06-24,542.73999,1
84398,2024-06-25,544.83002,1
84398,2024-06-26,545.51001,1
84398,2024-06-27,546.37000,1
84398,2024-06-28,544.21997,1
84398,2024-07-01,545.34003,1
84398,2024-07-02,549.01001,1
84398,2024-07-03,551.46002,1
84398,2024-07-05,554.64001,1
84398,2024-07-08,555.28003,1
84398,2024-07-09,555.82001,1
84398,2024-07-10,561.32001,1
84398,2024-07-11,556.47998,1
84398,2024-07-12,559.98999,1
84398,2024-07-15,561.53003,1
84398,2024-07-16,564.85999,1
84398,2024-07-17,556.94000,1
84398,2024-07-18,552.65997,1
84398,2024-07-19,548.98999,1
84398,2024-07-22,554.65002,1
84398,2024-07-23,553.78003,1
84398,2024-07-24,541.22998,1
84398,2024-07-25,538.40997,1
84398,2024-07-26,544.44000,1
84398,2024-07-29,544.76001,1
84398,2024-07-30,542.00000,1
84398,2024-07-31,550.81000,1
84398,2024-08-01,543.01001,1
84398,2024-08-02,532.90002,1
84398,2024-08-05,517.38000,1
84398,2024-08-06,522.15002,1
84398,2024-08-07,518.65997,1
84398,2024-08-08,530.65002,1
84398,2024-08-09,532.98999,1
84398,2024-08-12,533.27002,1
84398,2024-08-13,542.03998,1
84398,2024-08-14,543.75000,1
84398,2024-08-15,553.07001,1
84398,2024-08-16,554.31000,1
84398,2024-08-19,559.60999,1
84398,2024-08-20,558.70001,1
84398,2024-08-21,560.62000,1
84398,2024-08-22,556.21997,1
84398,2024-08-23,562.13000,1
84398,2024-08-26,560.78998,1
84398,2024-08-27,561.56000,1
84398,2024-08-28,558.29999,1
84398,2024-08-29,558.34998,1
84398,2024-08-30,563.67999,1
84398,2024-09-03,552.08002,1
84398,2024-09-04,550.95001,1
84398,2024-09-05,549.60999,1
84398,2024-09-06,540.35999,1
84398,2024-09-09,546.40997,1
84398,2024-09-10,548.78998,1
84398,2024-09-11,554.41998,1
84398,2024-09-12,559.09003,1
84398,2024-09-13,562.01001,1
84398,2024-09-16,562.84003,1
84398,2024-09-17,563.07001,1
84398,2024-09-18,561.40002,1
84398,2024-09-19,570.97998,1
84398,2024-09-20,568.25000,1
84398,2024-09-23,569.66998,1
84398,2024-09-24,571.29999,1
84398,2024-09-25,570.03998,1
84398,2024-09-26,572.29999,1
84398,2024-09-27,571.46997,1
84398,2024-09-30,573.76001,1
84398,2024-10-01,568.62000,1
84398,2024-10-02,568.85999,1
84398,2024-10-03,567.82001,1
84398,2024-10-04,572.97998,1
84398,2024-10-07,567.79999,1
84398,2024-10-08,573.16998,1
84398,2024-10-09,577.14001,1
84398,2024-10-10,576.13000,1
84398,2024-10-11,579.58002,1
84398,2024-10-14,584.32001,1
84398,2024-10-15,579.78003,1
84398,2024-10-16,582.29999,1
84398,2024-10-17,582.34998,1
84398,2024-10-18,584.59003,1
84398,2024-10-21,583.63000,1
84398,2024-10-22,583.32001,1
84398,2024-10-23,577.98999,1
84398,2024-10-24,579.23999,1
84398,2024-10-25,579.03998,1
84398,2024-10-28,580.83002,1
84398,2024-10-29,581.77002,1
84398,2024-10-30,580.01001,1
84398,2024-10-31,568.64001,1
84398,2024-11-01,571.03998,1
84398,2024-11-04,569.81000,1
84398,2024-11-05,576.70001,1
84398,2024-11-06,591.03998,1
84398,2024-11-07,595.60999,1
84398,2024-11-08,598.19000,1
84398,2024-11-11,598.76001,1
84398,2024-11-12,596.90002,1
84398,2024-11-13,597.19000,1
84398,2024-11-14,593.34998,1
84398,2024-11-15,585.75000,1
84398,2024-11-18,588.15002,1
84398,2024-11-19,590.29999,1
84398,2024-11-20,590.50000,1
84398,2024-11-21,593.66998,1
84398,2024-11-22,595.51001,1
84398,2024-11-25,597.53003,1
84398,2024-11-26,600.65002,1
84398,2024-11-27,598.83002,1
84398,2024-11-29,602.54999,1
84398,2024-12-02,603.63000,1
84398,2024-12-03,603.90997,1
84398,2024-12-04,607.65997,1
84398,2024-12-05,606.65997,1
84398,2024-12-06,607.81000,1
84398,2024-12-09,604.67999,1
84398,2024-12-10,602.79999,1
84398,2024-12-11,607.46002,1
84398,2024-12-12,604.33002,1
84398,2024-12-13,604.21002,1
84398,2024-12-16,606.78998,1
84398,2024-12-17,604.28998,1
84398,2024-12-18,586.28003,1
84398,2024-12-19,586.09998,1
84398,2024-12-20,591.15002,1
84398,2024-12-23,594.69000,1
84398,2024-12-24,601.29999,1
84398,2024-12-26,601.34003,1
84398,2024-12-27,595.01001,1
84398,2024-12-30,588.21997,1
84398,2024-12-31,586.08002,1
89469,2021-01-04,119.98000,1
89469,2021-01-05,119.70000,1
89469,2021-01-06,119.00000,1
89469,2021-01-07,118.58000,1
89469,2021-01-08,118.24000,1
89469,2021-01-11,118.01000,1
89469,2021-01-12,117.99000,1
89469,2021-01-13,118.40000,1
89469,2021-01-14,118.13000,1
89469,2021-01-15,118.45000,1
89469,2021-01-19,118.52000,1
89469,2021-01-20,118.57000,1
89469,2021-01-21,118.40000,1
89469,2021-01-22,118.58000,1
89469,2021-01-25,119.06000,1
89469,2021-01-26,119.02000,1
89469,2021-01-27,119.16000,1
89469,2021-01-28,118.85000,1
89469,2021-01-29,118.64000,1
89469,2021-02-01,118.71000,1
89469,2021-02-02,118.41000,1
89469,2021-02-03,118.12000,1
89469,2021-02-04,118.08000,1
89469,2021-02-05,117.83000,1
89469,2021-02-08,117.88000,1
89469,2021-02-09,117.97000,1
89469,2021-02-10,118.27000,1
89469,2021-02-11,118.18000,1
89469,2021-02-12,117.79000,1
89469,2021-02-16,116.94000,1
89469,2021-02-17,117.02000,1
89469,2021-02-18,117.01000,1
89469,2021-02-19,116.54000,1
89469,2021-02-22,116.35000,1
89469,2021-02-23,116.44000,1
89469,2021-02-24,116.28000,1
89469,2021-02-25,114.73000,1
89469,2021-02-26,115.76000,1
89469,2021-03-01,115.56000,1
89469,2021-03-02,115.77000,1
89469,2021-03-03,115.15000,1
89469,2021-03-04,114.58000,1
89469,2021-03-05,114.42000,1
89469,2021-03-08,113.97000,1
89469,2021-03-09,114.51000,1
89469,2021-03-10,114.75000,1
89469,2021-03-11,114.71000,1
89469,2021-03-12,113.88000,1
89469,2021-03-15,114.02000,1
89469,2021-03-16,114.00000,1
89469,2021-03-17,113.81000,1
89469,2021-03-18,113.10000,1
89469,2021-03-19,113.03000,1
89469,2021-03-22,113.40000,1
89469,2021-03-23,113.96000,1
89469,2021-03-24,114.11000,1
89469,2021-03-25,113.96000,1
89469,2021-03-26,113.58000,1
89469,2021-03-29,113.19000,1
89469,2021-03-30,113.09000,1
89469,2021-03-31,112.93000,1
89469,2021-04-01,113.36000,1
89469,2021-04-05,113.04000,1
89469,2021-04-06,113.59000,1
89469,2021-04-07,113.52000,1
89469,2021-04-08,113.91000,1
89469,2021-04-09,113.61000,1
89469,2021-04-12,113.54000,1
89469,2021-04-13,114.01000,1
89469,2021-04-14,113.87000,1
89469,2021-04-15,114.60000,1
89469,2021-04-16,114.29000,1
89469,2021-04-19,114.17000,1
89469,2021-04-20,114.51000,1
89469,2021-04-21,114.57000,1
89469,2021-04-22,114.66000,1
89469,2021-04-23,114.51000,1
89469,2021-04-26,114.39000,1
89469,2021-04-27,113.94000,1
89469,2021-04-28,114.09000,1
89469,2021-04-29,113.89000,1
89469,2021-04-30,113.99000,1
89469,2021-05-03,114.11000,1
89469,2021-05-04,114.26000,1
89469,2021-05-05,114.40000,1
89469,2021-05-06,114.45000,1
89469,2021-05-07,114.49000,1
89469,2021-05-10,114.26000,1
89469,2021-05-11,114.07000,1
89469,2021-05-12,113.52000,1
89469,2021-05-13,113.90000,1
89469,2021-05-14,114.15000,1
89469,2021-05-17,114.04000,1
89469,2021-05-18,114.04000,1
89469,2021-05-19,113.70000,1
89469,2021-05-20,114.17000,1
89469,2021-05-21,114.21000,1
89469,2021-05-24,114.32000,1
89469,2021-05-25,114.74000,1
89469,2021-05-26,114.61000,1
89469,2021-05-27,114.41000,1
89469,2021-05-28,114.40000,1
89469,2021-06-01,114.30000,1
89469,2021-06-02,114.43000,1
89469,2021-06-03,114.14000,1
89469,2021-06-04,114.77000,1
89469,2021-06-07,114.68000,1
89469,2021-06-08,115.01000,1
89469,2021-06-09,115.37000,1
89469,2021-06-10,115.78000,1
89469,2021-06-11,115.61000,1
89469,2021-06-14,115.25000,1
89469,2021-06-15,115.27000,1
89469,2021-06-16,114.48000,1
89469,2021-06-17,114.89000,1
89469,2021-06-18,115.54000,1
89469,2021-06-21,115.17000,1
89469,2021-06-22,115.38000,1
89469,2021-06-23,115.15000,1
89469,2021-06-24,115.13000,1
89469,2021-06-25,114.89000,1
89469,2021-06-28,115.25000,1
89469,2021-06-29,115.31000,1
89469,2021-06-30,115.49000,1
89469,2021-07-01,115.33000,1
89469,2021-07-02,115.75000,1
89469,2021-07-06,116.36000,1
89469,2021-07-07,116.70000,1
89469,2021-07-08,117.00000,1
89469,2021-07-09,116.41000,1
89469,2021-07-12,116.35000,1
89469,2021-07-13,115.99000,1
89469,2021-07-14,116.49000,1
89469,2021-07-15,116.98000,1
89469,2021-07-16,116.96000,1
89469,2021-07-19,117.96000,1
89469,2021-07-20,117.81000,1
89469,2021-07-21,117.13000,1
89469,2021-07-22,117.40000,1
89469,2021-07-23,117.22000,1
89469,2021-07-26,117.14000,1
89469,2021-07-27,117.64000,1
89469,2021-07-28,117.74000,1
89469,2021-07-29,117.38000,1
89469,2021-07-30,117.71000,1
89469,2021-08-02,118.15000,1
89469,2021-08-03,118.18000,1
89469,2021-08-04,118.15000,1
89469,2021-08-05,117.72000,1
89469,2021-08-06,117.03000,1
89469,2021-08-09,116.78000,1
89469,2021-08-10,116.56000,1
89469,2021-08-11,116.69000,1
89469,2021-08-12,116.57000,1
89469,2021-08-13,117.24000,1
89469,2021-08-16,117.50000,1
89469,2021-08-17,117.44000,1
89469,2021-08-18,117.38000,1
89469,2021-08-19,117.64000,1
89469,2021-08-20,117.53000,1
89469,2021-08-23,117.56000,1
89469,2021-08-24,117.24000,1
89469,2021-08-25,116.78000,1
89469,2021-08-26,116.78000,1
89469,2021-08-27,117.16000,1
89469,2021-08-30,117.39000,1
89469,2021-08-31,117.17000,1
89469,2021-09-01,117.14000,1
89469,2021-09-02,117.28000,1
89469,2021-09-03,117.00000,1
89469,2021-09-07,116.54000,1
89469,2021-09-08,116.86000,1
89469,2021-09-09,117.19000,1
89469,2021-09-10,116.82000,1
89469,2021-09-13,116.96000,1
89469,2021-09-14,117.40000,1
89469,2021-09-15,117.20000,1
89469,2021-09-16,116.83000,1
89469,2021-09-17,116.49000,1
89469,2021-09-20,117.08000,1
89469,2021-09-21,117.01000,1
89469,2021-09-22,117.12000,1
89469,2021-09-23,116.06000,1
89469,2021-09-24,115.71000,1
89469,2021-09-27,115.40000,1
89469,2021-09-28,114.96000,1
89469,2021-09-29,115.08000,1
89469,2021-09-30,115.22000,1
89469,2021-10-01,115.61000,1
89469,2021-10-04,115.47000,1
89469,2021-10-05,115.11000,1
89469,2021-10-06,115.14000,1
89469,2021-10-07,114.68000,1
89469,2021-10-08,114.43000,1
89469,2021-10-11,114.15000,1
89469,2021-10-12,114.67000,1
89469,2021-10-13,114.89000,1
89469,2021-10-14,115.16000,1
89469,2021-10-15,114.59000,1
89469,2021-10-18,114.43000,1
89469,2021-10-19,114.02000,1
89469,2021-10-20,113.97000,1
89469,2021-10-21,113.67000,1
89469,2021-10-22,113.96000,1
89469,2021-10-25,114.10000,1
89469,2021-10-26,114.24000,1
89469,2021-10-27,114.88000,1
89469,2021-10-28,114.58000,1
89469,2021-10-29,114.63000,1
89469,2021-11-01,114.54000,1
89469,2021-11-02,114.82000,1
89469,2021-11-03,114.46000,1
89469,2021-11-04,115.08000,1
89469,2021-11-05,115.71000,1
89469,2021-11-08,115.21000,1
89469,2021-11-09,115.74000,1
89469,2021-11-10,114.75000,1
89469,2021-11-11,114.38000,1
89469,2021-11-12,114.62000,1
89469,2021-11-15,114.17000,1
89469,2021-11-16,114.07000,1
89469,2021-11-17,114.48000,1
89469,2021-11-18,114.55000,1
89469,2021-11-19,114.86000,1
89469,2021-11-22,114.02000,1
89469,2021-11-23,113.55000,1
89469,2021-11-24,113.90000,1
89469,2021-11-26,115.37000,1
89469,2021-11-29,115.11000,1
89469,2021-11-30,115.80000,1
89469,2021-12-01,115.93000,1
89469,2021-12-02,115.68000,1
89469,2021-12-03,116.36000,1
89469,2021-12-06,115.78000,1
89469,2021-12-07,115.34000,1
89469,2021-12-08,114.97000,1
89469,2021-12-09,115.26000,1
89469,2021-12-10,115.34000,1
89469,2021-12-13,115.89000,1
89469,2021-12-14,115.69000,1
89469,2021-12-15,115.52000,1
89469,2021-12-16,115.75000,1
89469,2021-12-17,116.01000,1
89469,2021-12-20,115.91000,1
89469,2021-12-21,115.45000,1
89469,2021-12-22,115.56000,1
89469,2021-12-23,115.32000,1
89469,2021-12-27,115.36000,1
89469,2021-12-28,115.34000,1
89469,2021-12-29,114.75000,1
89469,2021-12-30,115.13000,1
89469,2021-12-31,115.00000,1
89469,2022-01-03,113.93000,1
89469,2022-01-04,113.87000,1
89469,2022-01-05,113.39000,1
89469,2022-01-06,113.11000,1
89469,2022-01-07,112.74000,1
89469,2022-01-10,112.71000,1
89469,2022-01-11,112.98000,1
89469,2022-01-12,113.00000,1
89469,2022-01-13,113.36000,1
89469,2022-01-14,112.58000,1
89469,2022-01-18,111.73000,1
89469,2022-01-19,112.00000,1
89469,2022-01-20,112.24000,1
89469,2022-01-21,112.89000,1
89469,2022-01-24,112.79000,1
89469,2022-01-25,112.64000,1
89469,2022-01-26,111.84000,1
89469,2022-01-27,112.31000,1
89469,2022-01-28,112.57000,1
89469,2022-01-31,112.57000,1
89469,2022-02-01,112.31000,1
89469,2022-02-02,112.54000,1
89469,2022-02-03,112.06000,1
89469,2022-02-04,111.20000,1
89469,2022-02-07,111.23000,1
89469,2022-02-08,110.87000,1
89469,2022-02-09,111.02000,1
89469,2022-02-10,110.00000,1
89469,2022-02-11,111.14000,1
89469,2022-02-14,110.37000,1
89469,2022-02-15,110.04000,1
89469,2022-02-16,110.27000,1
89469,2022-02-17,110.86000,1
89469,2022-02-18,111.22000,1
89469,2022-02-22,111.21000,1
89469,2022-02-23,110.63000,1
89469,2022-02-24,110.89000,1
89469,2022-02-25,110.86000,1
89469,2022-02-28,112.12000,1
89469,2022-03-01,113.11000,1
89469,2022-03-02,111.41000,1
89469,2022-03-03,111.89000,1
89469,2022-03-04,113.00000,1
89469,2022-03-07,112.52000,1
89469,2022-03-08,111.79000,1
89469,2022-03-09,111.10000,1
89469,2022-03-10,110.59000,1
89469,2022-03-11,110.56000,1
89469,2022-03-14,109.16000,1
89469,2022-03-15,109.11000,1
89469,2022-03-16,108.96000,1
89469,2022-03-17,108.75000,1
89469,2022-03-18,109.07000,1
89469,2022-03-21,107.65000,1
89469,2022-03-22,107.06000,1
89469,2022-03-23,107.78000,1
89469,2022-03-24,107.18000,1
89469,2022-03-25,106.08000,1
89469,2022-03-28,106.32000,1
89469,2022-03-29,106.85000,1
89469,2022-03-30,107.27000,1
89469,2022-03-31,107.47000,1
89469,2022-04-01,106.65000,1
89469,2022-04-04,106.58000,1
89469,2022-04-05,105.31000,1
89469,2022-04-06,104.94000,1
89469,2022-04-07,104.68000,1
89469,2022-04-08,104.15000,1
89469,2022-04-11,103.65000,1
89469,2022-04-12,104.15000,1
89469,2022-04-13,104.38000,1
89469,2022-04-14,103.44000,1
89469,2022-04-18,103.14000,1
89469,2022-04-19,102.46000,1
89469,2022-04-20,103.26000,1
89469,2022-04-21,102.69000,1
89469,2022-04-22,102.74000,1
89469,2022-04-25,103.40000,1
89469,2022-04-26,104.09000,1
89469,2022-04-27,103.51000,1
89469,2022-04-28,103.36000,1
89469,2022-04-29,102.81000,1
89469,2022-05-02,101.92000,1
89469,2022-05-03,102.04000,1
89469,2022-05-04,102.70000,1
89469,2022-05-05,101.67000,1
89469,2022-05-06,101.09000,1
89469,2022-05-09,101.84000,1
89469,2022-05-10,102.18000,1
89469,2022-05-11,102.81000,1
89469,2022-05-12,103.15000,1
89469,2022-05-13,102.61000,1
89469,2022-05-16,103.04000,1
89469,2022-05-17,102.26000,1
89469,2022-05-18,102.99000,1
89469,2022-05-19,103.36000,1
89469,2022-05-20,103.84000,1
89469,2022-05-23,103.21000,1
89469,2022-05-24,104.10000,1
89469,2022-05-25,104.31000,1
89469,2022-05-26,104.26000,1
89469,2022-05-27,104.41000,1
89469,2022-05-31,103.32000,1
89469,2022-06-01,102.61000,1
89469,2022-06-02,102.76000,1
89469,2022-06-03,102.56000,1
89469,2022-06-06,101.79000,1
89469,2022-06-07,102.20000,1
89469,2022-06-08,101.82000,1
89469,2022-06-09,101.73000,1
89469,2022-06-10,100.73000,1
89469,2022-06-13,98.94000,1
89469,2022-06-14,98.15000,1
89469,2022-06-15,99.52000,1
89469,2022-06-16,100.17000,1
89469,2022-06-17,100.20000,1
89469,2022-06-21,99.68000,1
89469,2022-06-22,100.94000,1
89469,2022-06-23,101.51000,1
89469,2022-06-24,101.15000,1
89469,2022-06-27,100.58000,1
89469,2022-06-28,100.71000,1
89469,2022-06-29,101.52000,1
89469,2022-06-30,102.30000,1
89469,2022-07-01,103.24000,1
89469,2022-07-05,103.62000,1
89469,2022-07-06,102.74000,1
89469,2022-07-07,102.11000,1
89469,2022-07-08,101.49000,1
89469,2022-07-11,102.29000,1
89469,2022-07-12,102.53000,1
89469,2022-07-13,102.97000,1
89469,2022-07-14,102.40000,1
89469,2022-07-15,102.75000,1
89469,2022-07-18,102.45000,1
89469,2022-07-19,101.98000,1
89469,2022-07-20,101.88000,1
89469,2022-07-21,103.04000,1
89469,2022-07-22,104.22000,1
89469,2022-07-25,103.85000,1
89469,2022-07-26,103.89000,1
89469,2022-07-27,104.10000,1
89469,2022-07-28,105.13000,1
89469,2022-07-29,105.17000,1
89469,2022-08-01,105.60000,1
89469,2022-08-02,104.14000,1
89469,2022-08-03,104.57000,1
89469,2022-08-04,105.10000,1
89469,2022-08-05,103.58000,1
89469,2022-08-08,104.19000,1
89469,2022-08-09,103.88000,1
89469,2022-08-10,103.94000,1
89469,2022-08-11,103.25000,1
89469,2022-08-12,103.66000,1
89469,2022-08-15,103.99000,1
89469,2022-08-16,103.87000,1
89469,2022-08-17,103.17000,1
89469,2022-08-18,103.37000,1
89469,2022-08-19,102.48000,1
89469,2022-08-22,102.03000,1
89469,2022-08-23,101.78000,1
89469,2022-08-24,101.44000,1
89469,2022-08-25,102.09000,1
89469,2022-08-26,101.97000,1
89469,2022-08-29,101.39000,1
89469,2022-08-30,101.36000,1
89469,2022-08-31,100.94000,1
89469,2022-09-01,99.96000,1
89469,2022-09-02,100.52000,1
89469,2022-09-06,99.40000,1
89469,2022-09-07,100.05000,1
89469,2022-09-08,99.68000,1
89469,2022-09-09,99.69000,1
89469,2022-09-12,99.45000,1
89469,2022-09-13,98.89000,1
89469,2022-09-14,98.94000,1
89469,2022-09-15,98.60000,1
89469,2022-09-16,98.68000,1
89469,2022-09-19,98.40000,1
89469,2022-09-20,97.79000,1
89469,2022-09-21,98.18000,1
89469,2022-09-22,96.70000,1
89469,2022-09-23,96.82000,1
89469,2022-09-26,95.21000,1
89469,2022-09-27,94.56000,1
89469,2022-09-28,96.69000,1
89469,2022-09-29,96.24000,1
89469,2022-09-30,95.99000,1
89469,2022-10-03,96.94000,1
89469,2022-10-04,97.14000,1
89469,2022-10-05,96.22000,1
89469,2022-10-06,95.69000,1
89469,2022-10-07,95.22000,1
89469,2022-10-10,94.66000,1
89469,2022-10-11,94.90000,1
89469,2022-10-12,95.21000,1
89469,2022-10-13,94.81000,1
89469,2022-10-14,94.28000,1
89469,2022-10-17,94.38000,1
89469,2022-10-18,94.62000,1
89469,2022-10-19,93.63000,1
89469,2022-10-20,92.93000,1
89469,2022-10-21,93.14000,1
89469,2022-10-24,93.02000,1
89469,2022-10-25,94.18000,1
89469,2022-10-26,94.66000,1
89469,2022-10-27,95.33000,1
89469,2022-10-28,94.84000,1
89469,2022-10-31,94.41000,1
89469,2022-11-01,94.19000,1
89469,2022-11-02,94.03000,1
89469,2022-11-03,93.62000,1
89469,2022-11-04,93.42000,1
89469,2022-11-07,93.09000,1
89469,2022-11-08,93.71000,1
89469,2022-11-09,94.03000,1
89469,2022-11-10,96.14000,1
89469,2022-11-11,95.94000,1
89469,2022-11-14,95.71000,1
89469,2022-11-15,96.42000,1
89469,2022-11-16,97.13000,1
89469,2022-11-17,96.47000,1
89469,2022-11-18,96.13000,1
89469,2022-11-21,96.07000,1
89469,2022-11-22,96.62000,1
89469,2022-11-23,97.14000,1
89469,2022-11-25,97.11000,1
89469,2022-11-28,97.15000,1
89469,2022-11-29,96.74000,1
89469,2022-11-30,97.61000,1
89469,2022-12-01,98.48000,1
89469,2022-12-02,98.68000,1
89469,2022-12-05,97.68000,1
89469,2022-12-06,98.28000,1
89469,2022-12-07,99.14000,1
89469,2022-12-08,98.58000,1
89469,2022-12-09,97.85000,1
89469,2022-12-12,97.71000,1
89469,2022-12-13,98.59000,1
89469,2022-12-14,98.86000,1
89469,2022-12-15,98.86000,1
89469,2022-12-16,98.61000,1
89469,2022-12-19,97.81000,1
89469,2022-12-20,97.10000,1
89469,2022-12-21,97.22000,1
89469,2022-12-22,97.19000,1
89469,2022-12-23,96.75000,1
89469,2022-12-27,95.94000,1
89469,2022-12-28,95.71000,1
89469,2022-12-29,96.18000,1
89469,2022-12-30,95.78000,1
89469,2023-01-03,96.53000,1
89469,2023-01-04,97.27000,1
89469,2023-01-05,97.13000,1
89469,2023-01-06,98.38000,1
89469,2023-01-09,98.63000,1
89469,2023-01-10,98.01000,1
89469,2023-01-11,98.64000,1
89469,2023-01-12,99.52000,1
89469,2023-01-13,98.99000,1
89469,2023-01-17,98.68000,1
89469,2023-01-18,100.02000,1
89469,2023-01-19,99.83000,1
89469,2023-01-20,99.17000,1
89469,2023-01-23,98.85000,1
89469,2023-01-24,99.42000,1
89469,2023-01-25,99.53000,1
89469,2023-01-26,99.17000,1
89469,2023-01-27,99.02000,1
89469,2023-01-30,98.71000,1
89469,2023-01-31,99.21000,1
89469,2023-02-01,99.71000,1
89469,2023-02-02,99.67000,1
89469,2023-02-03,98.60000,1
89469,2023-02-06,97.75000,1
89469,2023-02-07,97.51000,1
89469,2023-02-08,97.87000,1
89469,2023-02-09,97.43000,1
89469,2023-02-10,96.96000,1
89469,2023-02-13,97.19000,1
89469,2023-02-14,96.75000,1
89469,2023-02-15,96.46000,1
89469,2023-02-16,96.14000,1
89469,2023-02-17,96.41000,1
89469,2023-02-21,95.36000,1
89469,2023-02-22,95.53000,1
89469,2023-02-23,95.90000,1
89469,2023-02-24,95.32000,1
89469,2023-02-27,95.61000,1
89469,2023-02-28,95.76000,1
89469,2023-03-01,94.80000,1
89469,2023-03-02,94.41000,1
89469,2023-03-03,95.17000,1
89469,2023-03-06,95.00000,1
89469,2023-03-07,95.01000,1
89469,2023-03-08,94.98000,1
89469,2023-03-09,95.57000,1
89469,2023-03-10,97.33000,1
89469,2023-03-13,98.51000,1
89469,2023-03-14,97.58000,1
89469,2023-03-15,98.99000,1
89469,2023-03-16,98.10000,1
89469,2023-03-17,99.26000,1
89469,2023-03-20,98.86000,1
89469,2023-03-21,98.00000,1
89469,2023-03-22,99.29000,1
89469,2023-03-23,99.86000,1
89469,2023-03-24,99.89000,1
89469,2023-03-27,98.66000,1
89469,2023-03-28,98.60000,1
89469,2023-03-29,98.43000,1
89469,2023-03-30,98.58000,1
89469,2023-03-31,99.12000,1
89469,2023-04-03,99.39000,1
89469,2023-04-04,100.03000,1
89469,2023-04-05,100.45000,1
89469,2023-04-06,100.48000,1
89469,2023-04-10,99.49000,1
89469,2023-04-11,99.45000,1
89469,2023-04-12,99.74000,1
89469,2023-04-13,99.41000,1
89469,2023-04-14,98.92000,1
89469,2023-04-17,98.29000,1
89469,2023-04-18,98.45000,1
89469,2023-04-19,98.24000,1
89469,2023-04-20,98.81000,1
89469,2023-04-21,98.57000,1
89469,2023-04-24,99.05000,1
89469,2023-04-25,100.03000,1
89469,2023-04-26,99.64000,1
89469,2023-04-27,98.99000,1
89469,2023-04-28,99.73000,1
89469,2023-05-01,98.32000,1
89469,2023-05-02,99.60000,1
89469,2023-05-03,100.25000,1
89469,2023-05-04,100.23000,1
89469,2023-05-05,99.69000,1
89469,2023-05-08,99.08000,1
89469,2023-05-09,98.96000,1
89469,2023-05-10,99.70000,1
89469,2023-05-11,100.07000,1
89469,2023-05-12,99.47000,1
89469,2023-05-15,99.25000,1
89469,2023-05-16,98.93000,1
89469,2023-05-17,98.61000,1
89469,2023-05-18,98.00000,1
89469,2023-05-19,97.63000,1
89469,2023-05-22,97.45000,1
89469,2023-05-23,97.61000,1
89469,2023-05-24,97.36000,1
89469,2023-05-25,96.75000,1
89469,2023-05-26,96.93000,1
89469,2023-05-30,97.69000,1
89469,2023-05-31,98.06000,1
89469,2023-06-01,98.10000,1
89469,2023-06-02,97.32000,1
89469,2023-06-05,97.29000,1
89469,2023-06-06,97.35000,1
89469,2023-06-07,96.64000,1
89469,2023-06-08,97.29000,1
89469,2023-06-09,96.94000,1
89469,2023-06-12,97.10000,1
89469,2023-06-13,96.41000,1
89469,2023-06-14,96.54000,1
89469,2023-06-15,97.29000,1
89469,2023-06-16,96.87000,1
89469,2023-06-20,97.16000,1
89469,2023-06-21,97.25000,1
89469,2023-06-22,96.70000,1
89469,2023-06-23,97.10000,1
89469,2023-06-26,97.34000,1
89469,2023-06-27,97.00000,1
89469,2023-06-28,97.39000,1
89469,2023-06-29,96.39000,1
89469,2023-06-30,96.60000,1
89469,2023-07-03,95.95000,1
89469,2023-07-05,95.49000,1
89469,2023-07-06,94.71000,1
89469,2023-07-07,94.59000,1
89469,2023-07-10,95.08000,1
89469,2023-07-11,95.28000,1
89469,2023-07-12,96.21000,1
89469,2023-07-13,97.01000,1
89469,2023-07-14,96.53000,1
89469,2023-07-17,96.69000,1
89469,2023-07-18,96.80000,1
89469,2023-07-19,97.13000,1
89469,2023-07-20,96.36000,1
89469,2023-07-21,96.44000,1
89469,2023-07-24,96.21000,1
89469,2023-07-25,96.03000,1
89469,2023-07-26,96.36000,1
89469,2023-07-27,95.31000,1
89469,2023-07-28,95.62000,1
89469,2023-07-31,95.74000,1
89469,2023-08-01,94.94000,1
89469,2023-08-02,94.75000,1
89469,2023-08-03,94.05000,1
89469,2023-08-04,95.05000,1
89469,2023-08-07,94.82000,1
89469,2023-08-08,95.30000,1
89469,2023-08-09,95.36000,1
89469,2023-08-10,94.63000,1
89469,2023-08-11,94.13000,1
89469,2023-08-14,93.98000,1
89469,2023-08-15,93.80000,1
89469,2023-08-16,93.44000,1
89469,2023-08-17,93.32000,1
89469,2023-08-18,93.60000,1
89469,2023-08-21,93.02000,1
89469,2023-08-22,93.06000,1
89469,2023-08-23,94.07000,1
89469,2023-08-24,93.72000,1
89469,2023-08-25,93.69000,1
89469,2023-08-28,93.95000,1
89469,2023-08-29,94.62000,1
89469,2023-08-30,94.61000,1
89469,2023-08-31,94.80000,1
89469,2023-09-01,93.98000,1
89469,2023-09-05,93.41000,1
89469,2023-09-06,93.17000,1
89469,2023-09-07,93.49000,1
89469,2023-09-08,93.51000,1
89469,2023-09-11,93.35000,1
89469,2023-09-12,93.48000,1
89469,2023-09-13,93.59000,1
89469,2023-09-14,93.38000,1
89469,2023-09-15,93.09000,1
89469,2023-09-18,93.18000,1
89469,2023-09-19,92.84000,1
89469,2023-09-20,92.77000,1
89469,2023-09-21,92.08000,1
89469,2023-09-22,92.44000,1
89469,2023-09-25,91.76000,1
89469,2023-09-26,91.73000,1
89469,2023-09-27,91.32000,1
89469,2023-09-28,91.57000,1
89469,2023-09-29,91.59000,1
89469,2023-10-02,90.61000,1
89469,2023-10-03,89.86000,1
89469,2023-10-04,90.43000,1
89469,2023-10-05,90.60000,1
89469,2023-10-06,90.07000,1
89469,2023-10-09,91.22000,1
89469,2023-10-10,91.04000,1
89469,2023-10-11,91.54000,1
89469,2023-10-12,90.66000,1
89469,2023-10-13,91.24000,1
89469,2023-10-16,90.70000,1
89469,2023-10-17,89.81000,1
89469,2023-10-18,89.39000,1
89469,2023-10-19,88.95000,1
89469,2023-10-20,89.46500,1
89469,2023-10-23,89.89000,1
89469,2023-10-24,90.05000,1
89469,2023-10-25,89.26000,1
89469,2023-10-26,89.94000,1
89469,2023-10-27,90.08000,1
89469,2023-10-30,89.78000,1
89469,2023-10-31,89.59000,1
89469,2023-11-01,90.37000,1
89469,2023-11-02,90.93000,1
89469,2023-11-03,91.63000,1
89469,2023-11-06,91.10000,1
89469,2023-11-07,91.62000,1
89469,2023-11-08,91.99000,1
89469,2023-11-09,91.08000,1
89469,2023-11-10,91.18000,1
89469,2023-11-13,91.13000,1
89469,2023-11-14,92.50000,1
89469,2023-11-15,91.78000,1
89469,2023-11-16,92.47000,1
89469,2023-11-17,92.53000,1
89469,2023-11-20,92.66000,1
89469,2023-11-21,92.78000,1
89469,2023-11-22,92.75000,1
89469,2023-11-24,92.27000,1
89469,2023-11-27,92.97000,1
89469,2023-11-28,93.38000,1
89469,2023-11-29,93.87000,1
89469,2023-11-30,93.41000,1
89469,2023-12-01,94.04000,1
89469,2023-12-04,93.65000,1
89469,2023-12-05,94.31000,1
89469,2023-12-06,94.70000,1
89469,2023-12-07,94.56000,1
89469,2023-12-08,93.95000,1
89469,2023-12-11,93.96000,1
89469,2023-12-12,94.16000,1
89469,2023-12-13,95.56000,1
89469,2023-12-14,96.07000,1
89469,2023-12-15,95.99000,1
89469,2023-12-18,95.78000,1
89469,2023-12-19,95.96000,1
89469,2023-12-20,96.43000,1
89469,2023-12-21,96.28000,1
89469,2023-12-22,96.19000,1
89469,2023-12-26,96.25000,1
89469,2023-12-27,97.00000,1
89469,2023-12-28,96.63000,1
89469,2023-12-29,96.39000,1
89469,2024-01-02,96.03000,1
89469,2024-01-03,96.26000,1
89469,2024-01-04,95.68000,1
89469,2024-01-05,95.33000,1
89469,2024-01-08,95.65000,1
89469,2024-01-09,95.61000,1
89469,2024-01-10,95.46000,1
89469,2024-01-11,95.97000,1
89469,2024-01-12,96.23000,1
89469,2024-01-16,95.45000,1
89469,2024-01-17,95.14000,1
89469,2024-01-18,94.93000,1
89469,2024-01-19,94.94000,1
89469,2024-01-22,95.23000,1
89469,2024-01-23,94.99000,1
89469,2024-01-24,94.72000,1
89469,2024-01-25,95.13000,1
89469,2024-01-26,94.96000,1
89469,2024-01-29,95.53000,1
89469,2024-01-30,95.66000,1
89469,2024-01-31,96.46000,1
89469,2024-02-01,96.82000,1
89469,2024-02-02,95.56000,1
89469,2024-02-05,94.63000,1
89469,2024-02-06,95.14000,1
89469,2024-02-07,94.97000,1
89469,2024-02-08,94.66000,1
89469,2024-02-09,94.49000,1
89469,2024-02-12,94.58000,1
89469,2024-02-13,93.54000,1
89469,2024-02-14,93.89000,1
89469,2024-02-15,94.15000,1
89469,2024-02-16,93.74000,1
89469,2024-02-20,93.90000,1
89469,2024-02-21,93.60000,1
89469,2024-02-22,93.61000,1
89469,2024-02-23,94.04000,1
89469,2024-02-26,93.90000,1
89469,2024-02-27,93.69000,1
89469,2024-02-28,94.03000,1
89469,2024-02-29,94.22000,1
89469,2024-03-01,94.40000,1
89469,2024-03-04,94.19000,1
89469,2024-03-05,94.77000,1
89469,2024-03-06,95.00000,1
89469,2024-03-07,95.16000,1
89469,2024-03-08,95.23000,1
89469,2024-03-11,95.11000,1
89469,2024-03-12,94.72000,1
89469,2024-03-13,94.51000,1
89469,2024-03-14,93.81000,1
89469,2024-03-15,93.65000,1
89469,2024-03-18,93.54000,1
89469,2024-03-19,93.81000,1
89469,2024-03-20,94.03000,1
89469,2024-03-21,94.04000,1
89469,2024-03-22,94.50000,1
89469,2024-03-25,94.25000,1
89469,2024-03-26,94.39000,1
89469,2024-03-27,94.75000,1
89469,2024-03-28,94.66000,1
89469,2024-04-01,93.53000,1
89469,2024-04-02,93.33000,1
89469,2024-04-03,93.44000,1
89469,2024-04-04,93.76000,1
89469,2024-04-05,93.14000,1
89469,2024-04-08,92.93000,1
89469,2024-04-09,93.30000,1
89469,2024-04-10,92.06000,1
89469,2024-04-11,91.93000,1
89469,2024-04-12,92.31000,1
89469,2024-04-15,91.72000,1
89469,2024-04-16,91.36000,1
89469,2024-04-17,91.94000,1
89469,2024-04-18,91.62000,1
89469,2024-04-19,91.74000,1
89469,2024-04-22,91.75000,1
89469,2024-04-23,91.87000,1
89469,2024-04-24,91.59000,1
89469,2024-04-25,91.24000,1
89469,2024-04-26,91.49000,1
89469,2024-04-29,91.86000,1
89469,2024-04-30,91.43000,1
89469,2024-05-01,91.52000,1
89469,2024-05-02,91.95000,1
89469,2024-05-03,92.46000,1
89469,2024-05-06,92.54000,1
89469,2024-05-07,92.78000,1
89469,2024-05-08,92.52000,1
89469,2024-05-09,92.80000,1
89469,2024-05-10,92.50000,1
89469,2024-05-13,92.61000,1
89469,2024-05-14,92.88000,1
89469,2024-05-15,93.58000,1
89469,2024-05-16,93.40000,1
89469,2024-05-17,93.11000,1
89469,2024-05-20,92.97000,1
89469,2024-05-21,93.21000,1
89469,2024-05-22,93.09000,1
89469,2024-05-23,92.76000,1
89469,2024-05-24,92.88000,1
89469,2024-05-28,92.36000,1
89469,2024-05-29,91.91000,1
89469,2024-05-30,92.37000,1
89469,2024-05-31,92.80000,1
89469,2024-06-03,93.13000,1
89469,2024-06-04,93.64000,1
89469,2024-06-05,93.98000,1
89469,2024-06-06,93.94000,1
89469,2024-06-07,92.95000,1
89469,2024-06-10,92.75000,1
89469,2024-06-11,93.24000,1
89469,2024-06-12,93.76000,1
89469,2024-06-13,94.38000,1
89469,2024-06-14,94.60000,1
89469,2024-06-17,94.16000,1
89469,2024-06-18,94.57000,1
89469,2024-06-20,94.33000,1
89469,2024-06-21,94.35000,1
89469,2024-06-24,94.43000,1
89469,2024-06-25,94.51000,1
89469,2024-06-26,93.94000,1
89469,2024-06-27,94.15000,1
89469,2024-06-28,93.65000,1
89469,2024-07-01,92.67000,1
89469,2024-07-02,93.02000,1
89469,2024-07-03,93.64000,1
89469,2024-07-05,94.16000,1
89469,2024-07-08,94.19000,1
89469,2024-07-09,94.06000,1
89469,2024-07-10,94.15000,1
89469,2024-07-11,94.75000,1
89469,2024-07-12,94.95000,1
89469,2024-07-15,94.65000,1
89469,2024-07-16,95.07000,1
89469,2024-07-17,95.15000,1
89469,2024-07-18,94.88000,1
89469,2024-07-19,94.58000,1
89469,2024-07-22,94.49000,1
89469,2024-07-23,94.56000,1
89469,2024-07-24,94.35000,1
89469,2024-07-25,94.56000,1
89469,2024-07-26,95.01000,1
89469,2024-07-29,95.17000,1
89469,2024-07-30,95.37000,1
89469,2024-07-31,96.07000,1
89469,2024-08-01,96.19000,1
89469,2024-08-02,97.68000,1
89469,2024-08-05,97.78000,1
89469,2024-08-06,96.91000,1
89469,2024-08-07,96.56000,1
89469,2024-08-08,96.27000,1
89469,2024-08-09,96.66000,1
89469,2024-08-12,96.93000,1
89469,2024-08-13,97.36000,1
89469,2024-08-14,97.49000,1
89469,2024-08-15,96.88000,1
89469,2024-08-16,97.07000,1
89469,2024-08-19,97.20000,1
89469,2024-08-20,97.59000,1
89469,2024-08-21,97.79000,1
89469,2024-08-22,97.34000,1
89469,2024-08-23,97.79000,1
89469,2024-08-26,97.67000,1
89469,2024-08-27,97.63000,1
89469,2024-08-28,97.58000,1
89469,2024-08-29,97.41000,1
89469,2024-08-30,97.07000,1
89469,2024-09-03,97.42000,1
89469,2024-09-04,97.99000,1
89469,2024-09-05,98.22000,1
89469,2024-09-06,98.36000,1
89469,2024-09-09,98.50000,1
89469,2024-09-10,98.92000,1
89469,2024-09-11,98.85000,1
89469,2024-09-12,98.69000,1
89469,2024-09-13,98.88000,1
89469,2024-09-16,99.14000,1
89469,2024-09-17,98.96000,1
89469,2024-09-18,98.53000,1
89469,2024-09-19,98.45000,1
89469,2024-09-20,98.42000,1
89469,2024-09-23,98.36000,1
89469,2024-09-24,98.47000,1
89469,2024-09-25,98.07000,1
89469,2024-09-26,98.00000,1
89469,2024-09-27,98.39000,1
89469,2024-09-30,98.12000,1
89469,2024-10-01,98.19000,1
89469,2024-10-02,97.91000,1
89469,2024-10-03,97.41000,1
89469,2024-10-04,96.47000,1
89469,2024-10-07,96.12000,1
89469,2024-10-08,96.20000,1
89469,2024-10-09,95.84000,1
89469,2024-10-10,95.83000,1
89469,2024-10-11,95.86000,1
89469,2024-10-14,95.69000,1
89469,2024-10-15,96.18000,1
89469,2024-10-16,96.33000,1
89469,2024-10-17,95.83000,1
89469,2024-10-18,95.94000,1
89469,2024-10-21,95.20000,1
89469,2024-10-22,95.11000,1
89469,2024-10-23,94.89000,1
89469,2024-10-24,95.10000,1
89469,2024-10-25,94.89000,1
89469,2024-10-28,94.67000,1
89469,2024-10-29,94.71000,1
89469,2024-10-30,94.57000,1
89469,2024-10-31,94.52000,1
89469,2024-11-01,93.67000,1
89469,2024-11-04,94.17000,1
89469,2024-11-05,94.22000,1
89469,2024-11-06,93.25000,1
89469,2024-11-07,94.00000,1
89469,2024-11-08,94.20000,1
89469,2024-11-11,93.94000,1
89469,2024-11-12,93.35000,1
89469,2024-11-13,93.29000,1
89469,2024-11-14,93.28000,1
89469,2024-11-15,93.32000,1
89469,2024-11-18,93.53000,1
89469,2024-11-19,93.73000,1
89469,2024-11-20,93.59000,1
89469,2024-11-21,93.54000,1
89469,2024-11-22,93.60000,1
89469,2024-11-25,94.61000,1
89469,2024-11-26,94.41000,1
89469,2024-11-27,94.79000,1
89469,2024-11-29,95.19000,1
89469,2024-12-02,94.89000,1
89469,2024-12-03,94.62000,1
89469,2024-12-04,94.98000,1
89469,2024-12-05,94.97000,1
89469,2024-12-06,95.27000,1
89469,2024-12-09,94.94000,1
89469,2024-12-10,94.77000,1
89469,2024-12-11,94.49000,1
89469,2024-12-12,94.13000,1
89469,2024-12-13,93.69000,1
89469,2024-12-16,93.72000,1
89469,2024-12-17,93.72000,1
89469,2024-12-18,92.69000,1
89469,2024-12-19,92.27000,1
89469,2024-12-20,92.61000,1
89469,2024-12-23,92.20000,1
89469,2024-12-24,92.25000,1
89469,2024-12-26,92.32000,1
89469,2024-12-27,92.08000,1
89469,2024-12-30,92.62000,1
89469,2024-12-31,92.45000,1
90448,2021-01-04,182.33000,1
90448,2021-01-05,182.87000,1
90448,2021-01-06,179.89999,1
90448,2021-01-07,179.48000,1
90448,2021-01-08,173.34000,1
90448,2021-01-11,173.00000,1
90448,2021-01-12,174.12000,1
90448,2021-01-13,173.37000,1
90448,2021-01-14,173.28000,1
90448,2021-01-15,171.13000,1
90448,2021-01-19,172.58000,1
90448,2021-01-20,175.39000,1
90448,2021-01-21,175.28000,1
90448,2021-01-22,173.89999,1
90448,2021-01-25,174.05000,1
90448,2021-01-26,173.62000,1
90448,2021-01-27,172.52000,1
90448,2021-01-28,172.67999,1
90448,2021-01-29,172.61000,1
90448,2021-02-01,174.23000,1
90448,2021-02-02,172.11000,1
90448,2021-02-03,171.85001,1
90448,2021-02-04,168.14999,1
90448,2021-02-05,169.81000,1
90448,2021-02-08,171.52000,1
90448,2021-02-09,172.08000,1
90448,2021-02-10,172.71001,1
90448,2021-02-11,171.21001,1
90448,2021-02-12,170.69000,1
90448,2021-02-16,168.24001,1
90448,2021-02-17,166.33000,1
90448,2021-02-18,166.32001,1
90448,2021-02-19,167.00999,1
90448,2021-02-22,169.50999,1
90448,2021-02-23,169.12000,1
90448,2021-02-24,169.00000,1
90448,2021-02-25,165.82001,1
90448,2021-02-26,161.81000,1
90448,2021-03-01,161.53000,1
90448,2021-03-02,162.41000,1
90448,2021-03-03,160.62000,1
90448,2021-03-04,159.03999,1
90448,2021-03-05,159.14000,1
90448,2021-03-08,157.49001,1
90448,2021-03-09,160.84000,1
90448,2021-03-10,161.66000,1
90448,2021-03-11,161.52000,1
90448,2021-03-12,161.49001,1
90448,2021-03-15,162.20000,1
90448,2021-03-16,162.35001,1
90448,2021-03-17,163.50999,1
90448,2021-03-18,162.56000,1
90448,2021-03-19,163.24001,1
90448,2021-03-22,163.00000,1
90448,2021-03-23,161.81000,1
90448,2021-03-24,162.37000,1
90448,2021-03-25,161.78000,1
90448,2021-03-26,162.24001,1
90448,2021-03-29,160.31000,1
90448,2021-03-30,157.57001,1
90448,2021-03-31,159.96001,1
90448,2021-04-01,161.98000,1
90448,2021-04-05,161.92000,1
90448,2021-04-06,163.22000,1
90448,2021-04-07,162.75999,1
90448,2021-04-08,164.50999,1
90448,2021-04-09,163.27000,1
90448,2021-04-12,162.28000,1
90448,2021-04-13,163.42999,1
90448,2021-04-14,162.72000,1
90448,2021-04-15,165.35001,1
90448,2021-04-16,166.35001,1
90448,2021-04-19,165.89000,1
90448,2021-04-20,166.48000,1
90448,2021-04-21,168.13000,1
90448,2021-04-22,167.03999,1
90448,2021-04-23,166.39999,1
90448,2021-04-26,166.84000,1
90448,2021-04-27,166.42000,1
90448,2021-04-28,166.91000,1
90448,2021-04-29,166.22000,1
90448,2021-04-30,165.66000,1
90448,2021-05-03,167.81000,1
90448,2021-05-04,166.58000,1
90448,2021-05-05,167.27000,1
90448,2021-05-06,170.06000,1
90448,2021-05-07,171.59000,1
90448,2021-05-10,172.11000,1
90448,2021-05-11,172.14000,1
90448,2021-05-12,170.42999,1
90448,2021-05-13,171.13000,1
90448,2021-05-14,172.69000,1
90448,2021-05-17,174.70000,1
90448,2021-05-18,175.03999,1
90448,2021-05-19,175.16000,1
90448,2021-05-20,175.96001,1
90448,2021-05-21,176.03999,1
90448,2021-05-24,176.35001,1
90448,2021-05-25,177.95000,1
90448,2021-05-26,177.64000,1
90448,2021-05-27,177.71001,1
90448,2021-05-28,178.38000,1
90448,2021-06-01,177.89999,1
90448,2021-06-02,178.77000,1
90448,2021-06-03,175.27000,1
90448,2021-06-04,177.16000,1
90448,2021-06-07,177.87000,1
90448,2021-06-08,177.32001,1
90448,2021-06-09,176.98000,1
90448,2021-06-10,177.74001,1
90448,2021-06-11,175.74001,1
90448,2021-06-14,174.71001,1
90448,2021-06-15,174.05000,1
90448,2021-06-16,171.11000,1
90448,2021-06-17,165.85001,1
90448,2021-06-18,164.92999,1
90448,2021-06-21,166.95000,1
90448,2021-06-22,166.25000,1
90448,2021-06-23,166.14000,1
90448,2021-06-24,166.03999,1
90448,2021-06-25,166.59000,1
90448,2021-06-28,166.58000,1
90448,2021-06-29,164.83000,1
90448,2021-06-30,165.63000,1
90448,2021-07-01,166.20000,1
90448,2021-07-02,167.28999,1
90448,2021-07-06,168.12000,1
90448,2021-07-07,168.75999,1
90448,2021-07-08,168.64999,1
90448,2021-07-09,169.21001,1
90448,2021-07-12,169.00000,1
90448,2021-07-13,169.22000,1
90448,2021-07-14,171.03999,1
90448,2021-07-15,171.07001,1
90448,2021-07-16,169.41000,1
90448,2021-07-19,169.61000,1
90448,2021-07-20,169.39000,1
90448,2021-07-21,168.75999,1
90448,2021-07-22,169.09000,1
90448,2021-07-23,168.56000,1
90448,2021-07-26,168.16000,1
90448,2021-07-27,168.44000,1
90448,2021-07-28,169.28999,1
90448,2021-07-29,171.17000,1
90448,2021-07-30,169.82001,1
90448,2021-08-02,169.61000,1
90448,2021-08-03,169.49001,1
90448,2021-08-04,169.53000,1
90448,2021-08-05,168.86000,1
90448,2021-08-06,164.64000,1
90448,2021-08-09,161.72000,1
90448,2021-08-10,161.77000,1
90448,2021-08-11,164.00000,1
90448,2021-08-12,164.03999,1
90448,2021-08-13,166.39000,1
90448,2021-08-16,167.22000,1
90448,2021-08-17,166.97000,1
90448,2021-08-18,167.10001,1
90448,2021-08-19,166.61000,1
90448,2021-08-20,166.70000,1
90448,2021-08-23,168.73000,1
90448,2021-08-24,168.64999,1
90448,2021-08-25,167.48000,1
90448,2021-08-26,167.67000,1
90448,2021-08-27,170.19000,1
90448,2021-08-30,169.35001,1
90448,2021-08-31,169.69000,1
90448,2021-09-01,169.70000,1
90448,2021-09-02,169.25000,1
90448,2021-09-03,171.06000,1
90448,2021-09-07,167.71001,1
90448,2021-09-08,167.28999,1
90448,2021-09-09,168.03000,1
90448,2021-09-10,167.17999,1
90448,2021-09-13,167.74001,1
90448,2021-09-14,168.82001,1
90448,2021-09-15,167.83000,1
90448,2021-09-16,164.03000,1
90448,2021-09-17,163.77000,1
90448,2021-09-20,164.94000,1
90448,2021-09-21,166.03999,1
90448,2021-09-22,165.42000,1
90448,2021-09-23,163.50999,1
90448,2021-09-24,163.30000,1
90448,2021-09-27,163.64000,1
90448,2021-09-28,162.05000,1
90448,2021-09-29,161.32001,1
90448,2021-09-30,164.22000,1
90448,2021-10-01,164.59000,1
90448,2021-10-04,165.36000,1
90448,2021-10-05,164.59000,1
90448,2021-10-06,165.03000,1
90448,2021-10-07,164.16000,1
90448,2021-10-08,164.23000,1
90448,2021-10-11,163.92000,1
90448,2021-10-12,164.66000,1
90448,2021-10-13,167.59000,1
90448,2021-10-14,168.00000,1
90448,2021-10-15,165.33000,1
90448,2021-10-18,164.92000,1
90448,2021-10-19,165.45000,1
90448,2021-10-20,166.89999,1
90448,2021-10-21,166.75000,1
90448,2021-10-22,167.77000,1
90448,2021-10-25,168.92999,1
90448,2021-10-26,167.67999,1
90448,2021-10-27,168.12000,1
90448,2021-10-28,168.08000,1
90448,2021-10-29,166.64999,1
90448,2021-11-01,167.52000,1
90448,2021-11-02,167.16000,1
90448,2021-11-03,165.77000,1
90448,2021-11-04,167.64999,1
90448,2021-11-05,169.84000,1
90448,2021-11-08,170.45000,1
90448,2021-11-09,171.28999,1
90448,2021-11-10,173.14999,1
90448,2021-11-11,174.12000,1
90448,2021-11-12,174.45000,1
90448,2021-11-15,174.17999,1
90448,2021-11-16,172.92000,1
90448,2021-11-17,174.50000,1
90448,2021-11-18,173.94000,1
90448,2021-11-19,172.61000,1
90448,2021-11-22,168.74001,1
90448,2021-11-23,167.28000,1
90448,2021-11-24,167.12000,1
90448,2021-11-26,166.85001,1
90448,2021-11-29,166.62000,1
90448,2021-11-30,165.50000,1
90448,2021-12-01,166.16000,1
90448,2021-12-02,165.24001,1
90448,2021-12-03,166.63000,1
90448,2021-12-06,166.22000,1
90448,2021-12-07,166.81000,1
90448,2021-12-08,166.89999,1
90448,2021-12-09,165.88000,1
90448,2021-12-10,166.58000,1
90448,2021-12-13,167.00000,1
90448,2021-12-14,165.44000,1
90448,2021-12-15,166.14999,1
90448,2021-12-16,168.16000,1
90448,2021-12-17,167.80000,1
90448,2021-12-20,167.09000,1
90448,2021-12-21,167.02000,1
90448,2021-12-22,168.59000,1
90448,2021-12-23,168.97000,1
90448,2021-12-27,169.37000,1
90448,2021-12-28,168.64000,1
90448,2021-12-29,168.59000,1
90448,2021-12-30,169.80000,1
90448,2021-12-31,170.96001,1
90448,2022-01-03,168.33000,1
90448,2022-01-04,169.57001,1
90448,2022-01-05,169.06000,1
90448,2022-01-06,166.99001,1
90448,2022-01-07,167.75000,1
90448,2022-01-10,168.25999,1
90448,2022-01-11,170.28999,1
90448,2022-01-12,170.74001,1
90448,2022-01-13,170.16000,1
90448,2022-01-14,169.67000,1
90448,2022-01-18,169.39000,1
90448,2022-01-19,172.08000,1
90448,2022-01-20,171.64999,1
90448,2022-01-21,171.09000,1
90448,2022-01-24,172.03000,1
90448,2022-01-25,172.58000,1
90448,2022-01-26,169.78999,1
90448,2022-01-27,167.60001,1
90448,2022-01-28,167.10001,1
90448,2022-01-31,168.09000,1
90448,2022-02-01,168.23000,1
90448,2022-02-02,168.84000,1
90448,2022-02-03,168.60001,1
90448,2022-02-04,168.86000,1
90448,2022-02-07,170.11000,1
90448,2022-02-08,170.63000,1
90448,2022-02-09,171.21001,1
90448,2022-02-10,170.56000,1
90448,2022-02-11,173.81000,1
90448,2022-02-14,174.74001,1
90448,2022-02-15,173.08000,1
90448,2022-02-16,174.86000,1
90448,2022-02-17,177.25000,1
90448,2022-02-18,177.12000,1
90448,2022-02-22,177.49001,1
90448,2022-02-23,178.28999,1
90448,2022-02-24,177.14000,1
90448,2022-02-25,176.55000,1
90448,2022-02-28,178.38000,1
90448,2022-03-01,181.62000,1
90448,2022-03-02,179.73000,1
90448,2022-03-03,180.80000,1
90448,2022-03-04,183.67999,1
90448,2022-03-07,186.41000,1
90448,2022-03-08,191.50999,1
90448,2022-03-09,185.82001,1
90448,2022-03-10,186.39999,1
90448,2022-03-11,185.09000,1
90448,2022-03-14,182.30000,1
90448,2022-03-15,178.89000,1
90448,2022-03-16,180.00999,1
90448,2022-03-17,180.89000,1
90448,2022-03-18,179.30000,1
90448,2022-03-21,180.67000,1
90448,2022-03-22,179.36000,1
90448,2022-03-23,181.81000,1
90448,2022-03-24,183.13000,1
90448,2022-03-25,182.38000,1
90448,2022-03-28,179.06000,1
90448,2022-03-29,179.14000,1
90448,2022-03-30,180.58000,1
90448,2022-03-31,180.64999,1
90448,2022-04-01,179.50000,1
90448,2022-04-04,180.37000,1
90448,2022-04-05,179.24001,1
90448,2022-04-06,179.66000,1
90448,2022-04-07,180.34000,1
90448,2022-04-08,181.47000,1
90448,2022-04-11,182.37000,1
90448,2022-04-12,183.77000,1
90448,2022-04-13,184.64999,1
90448,2022-04-14,184.03999,1
90448,2022-04-18,184.61000,1
90448,2022-04-19,181.82001,1
90448,2022-04-20,182.71001,1
90448,2022-04-21,182.06000,1
90448,2022-04-22,180.28999,1
90448,2022-04-25,177.05000,1
90448,2022-04-26,177.32001,1
90448,2022-04-27,175.98000,1
90448,2022-04-28,176.92999,1
90448,2022-04-29,176.91000,1
90448,2022-05-02,173.63000,1
90448,2022-05-03,174.09000,1
90448,2022-05-04,175.80000,1
90448,2022-05-05,175.13000,1
90448,2022-05-06,175.42000,1
90448,2022-05-09,172.88000,1
90448,2022-05-10,171.42000,1
90448,2022-05-11,172.82001,1
90448,2022-05-12,170.17000,1
90448,2022-05-13,168.78999,1
90448,2022-05-16,170.39999,1
90448,2022-05-17,169.33000,1
90448,2022-05-18,169.42000,1
90448,2022-05-19,171.91000,1
90448,2022-05-20,172.03000,1
90448,2022-05-23,172.83000,1
90448,2022-05-24,174.13000,1
90448,2022-05-25,173.08000,1
90448,2022-05-26,172.75999,1
90448,2022-05-27,172.85001,1
90448,2022-05-31,171.14000,1
90448,2022-06-01,172.23000,1
90448,2022-06-02,174.35001,1
90448,2022-06-03,172.58000,1
90448,2022-06-06,171.82001,1
90448,2022-06-07,172.94000,1
90448,2022-06-08,172.78000,1
90448,2022-06-09,172.23000,1
90448,2022-06-10,174.53999,1
90448,2022-06-13,169.92999,1
90448,2022-06-14,168.57001,1
90448,2022-06-15,170.77000,1
90448,2022-06-16,172.69000,1
90448,2022-06-17,171.27000,1
90448,2022-06-21,170.63000,1
90448,2022-06-22,171.31000,1
90448,2022-06-23,170.25999,1
90448,2022-06-24,170.09000,1
90448,2022-06-27,169.89999,1
90448,2022-06-28,169.62000,1
90448,2022-06-29,169.49001,1
90448,2022-06-30,168.46001,1
90448,2022-07-01,168.32001,1
90448,2022-07-05,164.75000,1
90448,2022-07-06,162.14000,1
90448,2022-07-07,162.23000,1
90448,2022-07-08,162.30000,1
90448,2022-07-11,161.42999,1
90448,2022-07-12,160.83000,1
90448,2022-07-13,161.60001,1
90448,2022-07-14,159.33000,1
90448,2022-07-15,159.00999,1
90448,2022-07-18,159.16000,1
90448,2022-07-19,159.53999,1
90448,2022-07-20,158.03999,1
90448,2022-07-21,160.27000,1
90448,2022-07-22,160.67000,1
90448,2022-07-25,160.23000,1
90448,2022-07-26,160.03999,1
90448,2022-07-27,161.67000,1
90448,2022-07-28,163.64000,1
90448,2022-07-29,164.10001,1
90448,2022-08-01,165.03000,1
90448,2022-08-02,164.05000,1
90448,2022-08-03,164.45000,1
90448,2022-08-04,167.17000,1
90448,2022-08-05,165.28999,1
90448,2022-08-08,166.69000,1
90448,2022-08-09,167.20000,1
90448,2022-08-10,166.78000,1
90448,2022-08-11,166.34000,1
90448,2022-08-12,167.87000,1
90448,2022-08-15,165.71001,1
90448,2022-08-16,165.42000,1
90448,2022-08-17,164.35001,1
90448,2022-08-18,163.92000,1
90448,2022-08-19,162.72000,1
90448,2022-08-22,161.64000,1
90448,2022-08-23,162.77000,1
90448,2022-08-24,163.25000,1
90448,2022-08-25,163.75000,1
90448,2022-08-26,161.75999,1
90448,2022-08-29,161.86000,1
90448,2022-08-30,160.50999,1
90448,2022-08-31,159.27000,1
90448,2022-09-01,157.87000,1
90448,2022-09-02,159.25999,1
90448,2022-09-06,158.33000,1
90448,2022-09-07,159.94000,1
90448,2022-09-08,158.98000,1
90448,2022-09-09,159.82001,1
90448,2022-09-12,160.63000,1
90448,2022-09-13,158.53999,1
90448,2022-09-14,157.92999,1
90448,2022-09-15,154.98000,1
90448,2022-09-16,155.84000,1
90448,2022-09-19,155.96001,1
90448,2022-09-20,155.07001,1
90448,2022-09-21,155.78999,1
90448,2022-09-22,155.70000,1
90448,2022-09-23,153.00999,1
90448,2022-09-26,151.23000,1
90448,2022-09-27,151.53999,1
90448,2022-09-28,154.69000,1
90448,2022-09-29,154.66000,1
90448,2022-09-30,154.67000,1
90448,2022-10-03,158.42999,1
90448,2022-10-04,160.70000,1
90448,2022-10-05,159.81000,1
90448,2022-10-06,159.63000,1
90448,2022-10-07,157.88000,1
90448,2022-10-10,155.48000,1
90448,2022-10-11,155.16000,1
90448,2022-10-12,155.99001,1
90448,2022-10-13,154.91000,1
90448,2022-10-14,152.98000,1
90448,2022-10-17,153.42000,1
90448,2022-10-18,153.75000,1
90448,2022-10-19,151.69000,1
90448,2022-10-20,151.45000,1
90448,2022-10-21,154.14999,1
90448,2022-10-24,153.64999,1
90448,2022-10-25,154.00000,1
90448,2022-10-26,154.98000,1
90448,2022-10-27,154.74001,1
90448,2022-10-28,153.16000,1
90448,2022-10-31,151.91000,1
90448,2022-11-01,153.46001,1
90448,2022-11-02,152.39000,1
90448,2022-11-03,151.81000,1
90448,2022-11-04,156.47000,1
90448,2022-11-07,155.85001,1
90448,2022-11-08,159.45000,1
90448,2022-11-09,158.64999,1
90448,2022-11-10,163.48000,1
90448,2022-11-11,164.56000,1
90448,2022-11-14,164.92000,1
90448,2022-11-15,165.50000,1
90448,2022-11-16,165.12000,1
90448,2022-11-17,163.92000,1
90448,2022-11-18,162.78999,1
90448,2022-11-21,161.88000,1
90448,2022-11-22,162.07001,1
90448,2022-11-23,163.08000,1
90448,2022-11-25,163.22000,1
90448,2022-11-28,161.92999,1
90448,2022-11-29,162.73000,1
90448,2022-11-30,164.81000,1
90448,2022-12-01,167.84000,1
90448,2022-12-02,167.25999,1
90448,2022-12-05,164.39000,1
90448,2022-12-06,164.84000,1
90448,2022-12-07,166.33000,1
90448,2022-12-08,166.47000,1
90448,2022-12-09,167.06000,1
90448,2022-12-12,165.67999,1
90448,2022-12-13,168.50999,1
90448,2022-12-14,168.10001,1
90448,2022-12-15,165.35001,1
90448,2022-12-16,166.78999,1
90448,2022-12-19,166.32001,1
90448,2022-12-20,169.08000,1
90448,2022-12-21,168.80000,1
90448,2022-12-22,166.75999,1
90448,2022-12-23,167.25999,1
90448,2022-12-27,168.67000,1
90448,2022-12-28,167.91000,1
90448,2022-12-29,168.85001,1
90448,2022-12-30,169.64000,1
90448,2023-01-03,171.06000,1
90448,2023-01-04,172.67000,1
90448,2023-01-05,170.52000,1
90448,2023-01-06,173.71001,1
90448,2023-01-09,174.10001,1
90448,2023-01-10,174.74001,1
90448,2023-01-11,174.62000,1
90448,2023-01-12,176.64000,1
90448,2023-01-13,178.75999,1
90448,2023-01-17,177.59000,1
90448,2023-01-18,177.08000,1
90448,2023-01-19,179.89000,1
90448,2023-01-20,179.28999,1
90448,2023-01-23,179.63000,1
90448,2023-01-24,180.28000,1
90448,2023-01-25,181.11000,1
90448,2023-01-26,179.47000,1
90448,2023-01-27,179.22000,1
90448,2023-01-30,178.75999,1
90448,2023-01-31,179.41000,1
90448,2023-02-01,181.67000,1
90448,2023-02-02,177.89999,1
90448,2023-02-03,173.46001,1
90448,2023-02-06,173.82001,1
90448,2023-02-07,173.98000,1
90448,2023-02-08,174.41000,1
90448,2023-02-09,173.03000,1
90448,2023-02-10,173.36000,1
90448,2023-02-13,172.48000,1
90448,2023-02-14,172.61000,1
90448,2023-02-15,170.89000,1
90448,2023-02-16,170.75000,1
90448,2023-02-17,171.25999,1
90448,2023-02-21,170.62000,1
90448,2023-02-22,169.66000,1
90448,2023-02-23,169.57001,1
90448,2023-02-24,168.35001,1
90448,2023-02-27,169.00999,1
90448,2023-02-28,169.78000,1
90448,2023-03-01,170.75999,1
90448,2023-03-02,170.66000,1
90448,2023-03-03,172.49001,1
90448,2023-03-06,171.62000,1
90448,2023-03-07,168.62000,1
90448,2023-03-08,168.53999,1
90448,2023-03-09,170.20000,1
90448,2023-03-10,173.87000,1
90448,2023-03-13,177.86000,1
90448,2023-03-14,176.83000,1
90448,2023-03-15,178.21001,1
90448,2023-03-16,178.57001,1
90448,2023-03-17,183.77000,1
90448,2023-03-20,183.84000,1
90448,2023-03-21,180.37000,1
90448,2023-03-22,183.44000,1
90448,2023-03-23,185.74001,1
90448,2023-03-24,183.64999,1
90448,2023-03-27,181.95000,1
90448,2023-03-28,183.44000,1
90448,2023-03-29,182.53000,1
90448,2023-03-30,184.17999,1
90448,2023-03-31,183.22000,1
90448,2023-04-03,184.53999,1
90448,2023-04-04,187.98000,1
90448,2023-04-05,187.83000,1
90448,2023-04-06,186.49001,1
90448,2023-04-10,185.11000,1
90448,2023-04-11,186.28000,1
90448,2023-04-12,187.19000,1
90448,2023-04-13,189.72000,1
90448,2023-04-14,186.36000,1
90448,2023-04-17,185.53000,1
90448,2023-04-18,186.25000,1
90448,2023-04-19,185.36000,1
90448,2023-04-20,186.09000,1
90448,2023-04-21,184.25000,1
90448,2023-04-24,184.81000,1
90448,2023-04-25,185.75000,1
90448,2023-04-26,184.74001,1
90448,2023-04-27,184.75000,1
90448,2023-04-28,184.80000,1
90448,2023-05-01,183.97000,1
90448,2023-05-02,187.52000,1
90448,2023-05-03,189.11000,1
90448,2023-05-04,190.44000,1
90448,2023-05-05,187.46001,1
90448,2023-05-08,187.69000,1
90448,2023-05-09,189.02000,1
90448,2023-05-10,188.75000,1
90448,2023-05-11,187.13000,1
90448,2023-05-12,186.81000,1
90448,2023-05-15,187.21001,1
90448,2023-05-16,184.87000,1
90448,2023-05-17,184.23000,1
90448,2023-05-18,181.84000,1
90448,2023-05-19,183.64000,1
90448,2023-05-22,183.21001,1
90448,2023-05-23,183.42999,1
90448,2023-05-24,181.95000,1
90448,2023-05-25,180.20000,1
90448,2023-05-26,180.92000,1
90448,2023-05-30,182.03999,1
90448,2023-05-31,182.32001,1
90448,2023-06-01,183.75999,1
90448,2023-06-02,181.05000,1
90448,2023-06-05,182.14000,1
90448,2023-06-06,182.34000,1
90448,2023-06-07,180.14999,1
90448,2023-06-08,182.53000,1
90448,2023-06-09,182.03999,1
90448,2023-06-12,181.88000,1
90448,2023-06-13,180.53999,1
90448,2023-06-14,180.64000,1
90448,2023-06-15,181.91000,1
90448,2023-06-16,181.63000,1
90448,2023-06-20,179.75000,1
90448,2023-06-21,179.49001,1
90448,2023-06-22,177.71001,1
90448,2023-06-23,178.20000,1
90448,2023-06-26,178.50999,1
90448,2023-06-27,177.69000,1
90448,2023-06-28,177.28000,1
90448,2023-06-29,177.09000,1
90448,2023-06-30,178.27000,1
90448,2023-07-03,178.47000,1
90448,2023-07-05,177.84000,1
90448,2023-07-06,177.31000,1
90448,2023-07-07,178.64000,1
90448,2023-07-10,178.78000,1
90448,2023-07-11,179.45000,1
90448,2023-07-12,181.88000,1
90448,2023-07-13,182.00999,1
90448,2023-07-14,181.42999,1
90448,2023-07-17,181.56000,1
90448,2023-07-18,183.64000,1
90448,2023-07-19,183.67000,1
90448,2023-07-20,182.74001,1
90448,2023-07-21,182.17999,1
90448,2023-07-24,181.39999,1
90448,2023-07-25,182.41000,1
90448,2023-07-26,183.30000,1
90448,2023-07-27,180.42000,1
90448,2023-07-28,181.86000,1
90448,2023-07-31,182.35001,1
90448,2023-08-01,180.46001,1
90448,2023-08-02,179.60001,1
90448,2023-08-03,179.53999,1
90448,2023-08-04,180.19000,1
90448,2023-08-07,179.78000,1
90448,2023-08-08,178.64000,1
90448,2023-08-09,177.78999,1
90448,2023-08-10,177.60001,1
90448,2023-08-11,177.60001,1
90448,2023-08-14,177.06000,1
90448,2023-08-15,176.59000,1
90448,2023-08-16,175.57001,1
90448,2023-08-17,175.30000,1
90448,2023-08-18,175.33000,1
90448,2023-08-21,175.81000,1
90448,2023-08-22,176.10001,1
90448,2023-08-23,177.89000,1
90448,2023-08-24,177.85001,1
90448,2023-08-25,177.62000,1
90448,2023-08-28,178.13000,1
90448,2023-08-29,179.87000,1
90448,2023-08-30,180.32001,1
90448,2023-08-31,180.02000,1
90448,2023-09-01,180.11000,1
90448,2023-09-05,178.64000,1
90448,2023-09-06,177.83000,1
90448,2023-09-07,178.02000,1
90448,2023-09-08,178.08000,1
90448,2023-09-11,178.41000,1
90448,2023-09-12,177.49001,1
90448,2023-09-13,177.08000,1
90448,2023-09-14,177.17000,1
90448,2023-09-15,178.34000,1
90448,2023-09-18,179.39000,1
90448,2023-09-19,179.22000,1
90448,2023-09-20,179.35001,1
90448,2023-09-21,178.05000,1
90448,2023-09-22,178.62000,1
90448,2023-09-25,177.70000,1
90448,2023-09-26,176.28000,1
90448,2023-09-27,174.10001,1
90448,2023-09-28,173.23000,1
90448,2023-09-29,171.45000,1
90448,2023-10-02,169.64999,1
90448,2023-10-03,169.16000,1
90448,2023-10-04,169.14000,1
90448,2023-10-05,168.83000,1
90448,2023-10-06,169.70000,1
90448,2023-10-09,172.82001,1
90448,2023-10-10,172.53000,1
90448,2023-10-11,173.78999,1
90448,2023-10-12,173.25999,1
90448,2023-10-13,178.83000,1
90448,2023-10-16,177.96001,1
90448,2023-10-17,178.28999,1
90448,2023-10-18,180.87000,1
90448,2023-10-19,183.09000,1
90448,2023-10-20,183.59000,1
90448,2023-10-23,182.97000,1
90448,2023-10-24,182.95000,1
90448,2023-10-25,183.72000,1
90448,2023-10-26,184.00999,1
90448,2023-10-27,186.14999,1
90448,2023-10-30,185.10001,1
90448,2023-10-31,184.09000,1
90448,2023-11-01,183.50999,1
90448,2023-11-02,184.12000,1
90448,2023-11-03,184.78999,1
90448,2023-11-06,183.35001,1
90448,2023-11-07,182.59000,1
90448,2023-11-08,180.77000,1
90448,2023-11-09,181.49001,1
90448,2023-11-10,179.50999,1
90448,2023-11-13,180.50999,1
90448,2023-11-14,182.12000,1
90448,2023-11-15,181.64000,1
90448,2023-11-16,183.69000,1
90448,2023-11-17,183.67000,1
90448,2023-11-20,183.37000,1
90448,2023-11-21,185.35001,1
90448,2023-11-22,184.56000,1
90448,2023-11-24,185.52000,1
90448,2023-11-27,186.77000,1
90448,2023-11-28,189.25999,1
90448,2023-11-29,189.53999,1
90448,2023-11-30,188.75000,1
90448,2023-12-01,192.00999,1
90448,2023-12-04,187.86000,1
90448,2023-12-05,187.14999,1
90448,2023-12-06,187.84000,1
90448,2023-12-07,188.14999,1
90448,2023-12-08,185.64000,1
90448,2023-12-11,183.59000,1
90448,2023-12-12,183.49001,1
90448,2023-12-13,187.63000,1
90448,2023-12-14,188.73000,1
90448,2023-12-15,187.00000,1
90448,2023-12-18,187.85001,1
90448,2023-12-19,189.13000,1
90448,2023-12-20,188.10001,1
90448,2023-12-21,189.42999,1
90448,2023-12-22,190.27000,1
90448,2023-12-26,191.72000,1
90448,2023-12-27,192.59000,1
90448,2023-12-28,191.47000,1
90448,2023-12-29,191.17000,1
90448,2024-01-02,190.72000,1
90448,2024-01-03,189.13000,1
90448,2024-01-04,189.32001,1
90448,2024-01-05,189.35001,1
90448,2024-01-08,187.87000,1
90448,2024-01-09,187.92999,1
90448,2024-01-10,187.50000,1
90448,2024-01-11,187.87000,1
90448,2024-01-12,189.71001,1
90448,2024-01-16,187.91000,1
90448,2024-01-17,185.84000,1
90448,2024-01-18,187.37000,1
90448,2024-01-19,187.92999,1
90448,2024-01-22,187.22000,1
90448,2024-01-23,187.95000,1
90448,2024-01-24,186.39999,1
90448,2024-01-25,187.14000,1
90448,2024-01-26,187.00999,1
90448,2024-01-29,188.33000,1
90448,2024-01-30,188.59000,1
90448,2024-01-31,188.45000,1
90448,2024-02-01,190.41000,1
90448,2024-02-02,188.61000,1
90448,2024-02-05,187.57001,1
90448,2024-02-06,188.55000,1
90448,2024-02-07,188.50000,1
90448,2024-02-08,188.33000,1
90448,2024-02-09,187.60001,1
90448,2024-02-12,187.11000,1
90448,2024-02-13,184.53000,1
90448,2024-02-14,184.42000,1
90448,2024-02-15,185.66000,1
90448,2024-02-16,186.34000,1
90448,2024-02-20,187.47000,1
90448,2024-02-21,187.48000,1
90448,2024-02-22,187.56000,1
90448,2024-02-23,188.62000,1
90448,2024-02-26,188.20000,1
90448,2024-02-27,188.00000,1
90448,2024-02-28,188.34000,1
90448,2024-02-29,189.31000,1
90448,2024-03-01,192.89000,1
90448,2024-03-04,196.00999,1
90448,2024-03-05,197.19000,1
90448,2024-03-06,198.81000,1
90448,2024-03-07,199.94000,1
90448,2024-03-08,201.63000,1
90448,2024-03-11,202.00000,1
90448,2024-03-12,199.78999,1
90448,2024-03-13,201.19000,1
90448,2024-03-14,200.35001,1
90448,2024-03-15,199.71001,1
90448,2024-03-18,200.03000,1
90448,2024-03-19,199.80000,1
90448,2024-03-20,202.17999,1
90448,2024-03-21,201.97000,1
90448,2024-03-22,200.35001,1
90448,2024-03-25,200.99001,1
90448,2024-03-26,201.64000,1
90448,2024-03-27,203.10001,1
90448,2024-03-28,205.72000,1
90448,2024-04-01,207.82001,1
90448,2024-04-02,210.89000,1
90448,2024-04-03,212.74001,1
90448,2024-04-04,211.52000,1
90448,2024-04-05,215.14000,1
90448,2024-04-08,216.48000,1
90448,2024-04-09,217.67000,1
90448,2024-04-10,215.61000,1
90448,2024-04-11,219.80000,1
90448,2024-04-12,216.89000,1
90448,2024-04-15,220.95000,1
90448,2024-04-16,221.22000,1
90448,2024-04-17,219.59000,1
90448,2024-04-18,220.34000,1
90448,2024-04-19,221.03000,1
90448,2024-04-22,215.57001,1
90448,2024-04-23,215.03999,1
90448,2024-04-24,214.64000,1
90448,2024-04-25,215.92000,1
90448,2024-04-26,216.62000,1
90448,2024-04-29,216.17999,1
90448,2024-04-30,211.87000,1
90448,2024-05-01,213.78999,1
90448,2024-05-02,213.13000,1
90448,2024-05-03,212.96001,1
90448,2024-05-06,215.20000,1
90448,2024-05-07,214.21001,1
90448,2024-05-08,213.58000,1
90448,2024-05-09,216.95000,1
90448,2024-05-10,218.71001,1
90448,2024-05-13,216.25999,1
90448,2024-05-14,218.09000,1
90448,2024-05-15,220.89000,1
90448,2024-05-16,220.03000,1
90448,2024-05-17,223.66000,1
90448,2024-05-20,224.56000,1
90448,2024-05-21,224.23000,1
90448,2024-05-22,220.11000,1
90448,2024-05-23,215.72000,1
90448,2024-05-24,215.92000,1
90448,2024-05-28,218.19000,1
90448,2024-05-29,216.16000,1
90448,2024-05-30,216.57001,1
90448,2024-05-31,215.30000,1
90448,2024-06-03,217.22000,1
90448,2024-06-04,215.27000,1
90448,2024-06-05,217.82001,1
90448,2024-06-06,219.42999,1
90448,2024-06-07,211.60001,1
90448,2024-06-10,213.53999,1
90448,2024-06-11,214.14999,1
90448,2024-06-12,214.72000,1
90448,2024-06-13,212.97000,1
90448,2024-06-14,215.73000,1
90448,2024-06-17,214.61000,1
90448,2024-06-18,215.47000,1
90448,2024-06-20,218.16000,1
90448,2024-06-21,214.78000,1
90448,2024-06-24,215.63000,1
90448,2024-06-25,214.56000,1
90448,2024-06-26,212.58000,1
90448,2024-06-27,214.99001,1
90448,2024-06-28,215.00999,1
90448,2024-07-01,215.57001,1
90448,2024-07-02,215.56000,1
90448,2024-07-03,217.99001,1
90448,2024-07-05,220.92999,1
90448,2024-07-08,218.19000,1
90448,2024-07-09,218.56000,1
90448,2024-07-10,219.36000,1
90448,2024-07-11,223.25000,1
90448,2024-07-12,223.11000,1
90448,2024-07-15,223.83000,1
90448,2024-07-16,228.28999,1
90448,2024-07-17,227.23000,1
90448,2024-07-18,225.78000,1
90448,2024-07-19,221.73000,1
90448,2024-07-22,221.80000,1
90448,2024-07-23,222.58000,1
90448,2024-07-24,221.80000,1
90448,2024-07-25,218.33000,1
90448,2024-07-26,220.63000,1
90448,2024-07-29,220.32001,1
90448,2024-07-30,222.52000,1
90448,2024-07-31,226.55000,1
90448,2024-08-01,225.77000,1
90448,2024-08-02,225.34000,1
90448,2024-08-05,222.48000,1
90448,2024-08-06,220.70000,1
90448,2024-08-07,220.55000,1
90448,2024-08-08,224.00999,1
90448,2024-08-09,224.56000,1
90448,2024-08-12,228.41000,1
90448,2024-08-13,228.06000,1
90448,2024-08-14,226.20000,1
90448,2024-08-15,226.91000,1
90448,2024-08-16,231.99001,1
90448,2024-08-19,231.61000,1
90448,2024-08-20,232.46001,1
90448,2024-08-21,232.14999,1
90448,2024-08-22,229.37000,1
90448,2024-08-23,232.02000,1
90448,2024-08-26,232.75999,1
90448,2024-08-27,233.39000,1
90448,2024-08-28,231.75000,1
90448,2024-08-29,232.95000,1
90448,2024-08-30,231.28999,1
90448,2024-09-03,230.28999,1
90448,2024-09-04,230.42999,1
90448,2024-09-05,232.35001,1
90448,2024-09-06,230.63000,1
90448,2024-09-09,231.60001,1
90448,2024-09-10,232.62000,1
90448,2024-09-11,232.25000,1
90448,2024-09-12,236.33000,1
90448,2024-09-13,238.67999,1
90448,2024-09-16,238.66000,1
90448,2024-09-17,237.34000,1
90448,2024-09-18,235.50999,1
90448,2024-09-19,239.17000,1
90448,2024-09-20,242.21001,1
90448,2024-09-23,242.67999,1
90448,2024-09-24,246.07001,1
90448,2024-09-25,245.73000,1
90448,2024-09-26,246.98000,1
90448,2024-09-27,245.02000,1
90448,2024-09-30,243.06000,1
90448,2024-10-01,245.61000,1
90448,2024-10-02,245.66000,1
90448,2024-10-03,245.49001,1
90448,2024-10-04,245.00000,1
90448,2024-10-07,244.17000,1
90448,2024-10-08,242.37000,1
90448,2024-10-09,241.05000,1
90448,2024-10-10,242.82001,1
90448,2024-10-11,245.47000,1
90448,2024-10-14,245.07001,1
90448,2024-10-15,245.92000,1
90448,2024-10-16,247.14999,1
90448,2024-10-17,248.63000,1
90448,2024-10-18,251.27000,1
90448,2024-10-21,251.22000,1
90448,2024-10-22,253.92999,1
90448,2024-10-23,250.87000,1
90448,2024-10-24,252.80000,1
90448,2024-10-25,253.32001,1
90448,2024-10-28,253.33000,1
90448,2024-10-29,256.09000,1
90448,2024-10-30,257.50000,1
90448,2024-10-31,253.50999,1
90448,2024-11-01,252.47000,1
90448,2024-11-04,252.83000,1
90448,2024-11-05,253.39999,1
90448,2024-11-06,245.70000,1
90448,2024-11-07,249.64999,1
90448,2024-11-08,247.96001,1
90448,2024-11-11,242.14000,1
90448,2024-11-12,240.05000,1
90448,2024-11-13,237.63000,1
90448,2024-11-14,237.00999,1
90448,2024-11-15,236.59000,1
90448,2024-11-18,241.09000,1
90448,2024-11-19,243.25000,1
90448,2024-11-20,244.62000,1
90448,2024-11-21,246.66000,1
90448,2024-11-22,249.84000,1
90448,2024-11-25,242.48000,1
90448,2024-11-26,242.95000,1
90448,2024-11-27,243.49001,1
90448,2024-11-29,245.59000,1
90448,2024-12-02,243.44000,1
90448,2024-12-03,243.92999,1
90448,2024-12-04,244.67000,1
90448,2024-12-05,242.86000,1
90448,2024-12-06,242.95000,1
90448,2024-12-09,245.36000,1
90448,2024-12-10,248.59000,1
90448,2024-12-11,250.96001,1
90448,2024-12-12,247.28000,1
90448,2024-12-13,244.28999,1
90448,2024-12-16,244.88000,1
90448,2024-12-17,243.94000,1
90448,2024-12-18,239.25999,1
90448,2024-12-19,239.60001,1
90448,2024-12-20,242.10001,1
90448,2024-12-23,240.96001,1
90448,2024-12-24,241.44000,1
90448,2024-12-26,243.07001,1
90448,2024-12-27,241.39999,1
90448,2024-12-30,240.63000,1
90448,2024-12-31,242.13000,1
