date,SPY,IEF,GLD
2021-01-05,0.006887334068512274,-0.002333722287047868,0.0029616629188833343
2021-01-06,0.005978509842417878,-0.005847953216374324,-0.016241100235139694
2021-01-07,0.014857502740128536,-0.003529411764705892,-0.002334574893528396
2021-01-08,0.005697704940709425,-0.0028672626075223473,-0.03420993982616438
2021-01-11,-0.0067408328505264015,-0.001945196211096012,-0.0019614630206530315
2021-01-12,0.00021122818136198873,-0.00016947716295234727,0.006473988439306355
2021-01-13,0.00269297997974971,0.003474870751758674,-0.004307374224672644
2021-01-14,-0.003501987848495536,-0.002280405405405528,-0.0005191209551825837
2021-01-15,-0.007292659918952005,0.0027088800474055486,-0.012407663896583543
2021-01-19,0.007851956139154792,0.0005909666525960589,0.008473090632852287
2021-01-20,0.013838690448664703,0.00042186972662849875,0.016282303859079805
2021-01-21,0.0009116673809770326,-0.001433752213881978,-0.0006271737271222877
2021-01-22,-0.0035394285743136633,0.0015202702702701298,-0.007873174349611989
2021-01-25,0.003943820518178098,0.0040479001517963464,0.0008626222462693178
2021-01-26,-0.0015609146554043107,-0.00033596505963384704,-0.002470554438379846
2021-01-27,-0.024440474623088737,0.0011762728953117474,-0.006335675613408531
2021-01-28,0.008600197644293539,-0.0026015441423297148,0.0009273707396244557
2021-01-29,-0.02001956941980243,-0.001766933108960811,-0.0004053162152719558
2021-02-01,0.016645499050301327,0.0005900202292650203,0.009385319506401535
2021-02-02,0.014140232992046586,-0.0025271670457417406,-0.012167824140503769
2021-02-03,0.0007863189827368444,-0.002449117473186324,-0.0015106036836907144
2021-02-04,0.011365693037431068,-0.0003386386725364732,-0.021530519550158833
2021-02-05,0.003935860586757878,-0.0021172086720867567,0.009872198029866164
2021-02-08,0.007221944422943549,0.0004243401510650724,0.010070078322831355
2021-02-09,-0.0006658216008342821,0.000763488293179515,0.0032649253731342753
2021-02-10,-0.00043564381806526775,0.002543019411714864,0.003661145978614666
2021-02-11,0.0016150533637986353,-0.0007609706603532995,-0.008685078531348589
2021-02-12,0.00493977643110699,-0.003300050770011831,-0.0030372640010943863
2021-02-16,-0.0008659840855241852,-0.007216232277782564,-0.014353447770812489
2021-02-17,0.0002294672503051487,0.0006841115101761108,-0.011352888055581989
2021-02-18,-0.004255995202324336,-8.545547769600592e-05,-6.006132387437191e-05
2021-02-19,-0.0017659705159706052,-0.004016750705067906,0.004148508649079563
2021-02-22,-0.007691716021844486,-0.0016303415136434962,0.014969164419445846
2021-02-23,0.0012143761465519542,0.0007735281478298273,-0.0023006903604912976
2021-02-24,0.011019329032257996,-0.0013740982480247022,-0.0007095553453169146
2021-02-25,-0.024095771092625062,-0.013329893360853107,-0.018816508875739713
2021-02-26,-0.0051526169840875324,0.008977599581626361,-0.02418290772024434
2021-03-01,0.024240194138190008,-0.001727712508638568,-0.001730424572028877
2021-03-02,-0.007803224185102597,0.0018172377985461452,0.0054479044140407495
2021-03-03,-0.013245718082327329,-0.005355446143214926,-0.011021488824579762
2021-03-04,-0.012374809596381597,-0.00495006513243601,-0.009836944340679943
2021-03-05,0.018396575035928286,-0.0013964042590329795,0.0006288355526178346
2021-03-08,-0.004978755571774851,-0.003932878867330958,-0.010368166394369549
2021-03-09,0.014277507073247264,0.004738088970781762,0.021271126974974353
2021-03-10,0.006224604018270963,0.0020958868221114813,0.005098234270082047
2021-03-11,0.010139150113946949,-0.0003485838779957451,-0.0008660150934057809
2021-03-12,0.0013467842350012305,-0.007235637695057084,-0.00018567360079246864
2021-03-15,0.005963558848906425,0.0012293642430629692,0.004396494866772072
2021-03-16,-0.0012613203501424808,-0.00017540782318892223,0.0009248458692971973
2021-03-17,0.00340989113687451,-0.0016666666666665941,0.0071449333449378205
2021-03-18,-0.01454966484041531,-0.006238467621474508,-0.005809981396243669
2021-03-19,-0.005108817689056466,-0.0006189213085764367,0.00418313238188972
2021-03-22,0.007984979768281164,0.003273467221091675,-0.0014702890547483305
2021-03-23,-0.007870806694006416,0.004938271604938205,-0.007300613496932451
2021-03-24,-0.005083465982028246,0.00131625131625146,0.003460849144057754
2021-03-25,0.005625567857802771,-0.0013145210761545956,-0.0036336761717066235
2021-03-26,0.016114959812292495,-0.003334503334503247,0.0028434293484980167
2021-03-29,-0.0005051012549851519,-0.0034337031167459564,-0.011896017511340173
2021-03-30,-0.0026529637677497053,-0.0008834702712253728,-0.017091822094691622
2021-03-31,0.0040533528220974,-0.001414802369793966,0.015167860940035638
2021-04-01,0.010799081845913161,0.003807668467191938,0.012628093734177614
2021-04-05,0.01435311186323629,-0.0028228652081861982,-0.0003704161007531681
2021-04-06,-0.0005905847177523071,0.004865534324133058,0.008028656126482181
2021-04-07,0.0011572934108143862,-0.0006162514305837474,-0.002818343340276974
2021-04-08,0.004746771932413463,0.003435517970401758,0.01075202818579668
2021-04-09,0.007270146070452954,-0.0026336581511720025,-0.007537475383713632
2021-04-12,0.0003645775198566348,-0.0006161429451632117,-0.006063575672199506
2021-04-13,0.0029637060790081993,0.004139510304738359,0.007086455508996892
2021-04-14,-0.0034151529190318275,-0.0012279624594333516,-0.004344306696708489
2021-04-15,0.010742471485174931,0.006410819355405106,0.01616279498525075
2021-04-16,0.003342414696900553,-0.002705061082024285,0.0060477770760341
2021-04-19,-0.004913051696471049,-0.0010499606264765537,-0.0027653139305492402
2021-04-20,-0.007321548308604098,0.0029780152404310645,0.0035565736331304443
2021-04-21,0.009462114917094588,0.0005239717055278703,0.009911100432484332
2021-04-22,-0.009133126417835369,0.0007855459544383603,-0.0064831380479390965
2021-04-23,0.010842409363824856,-0.0013082155939297957,-0.003831417853892294
2021-04-26,0.002087632626760927,-0.0010479434110558516,0.002644291024296308
2021-04-27,-0.00021551208580994352,-0.003933910306844979,-0.002517381922800377
2021-04-28,-0.0002874113883745144,0.001316482359136506,0.0029443576493211054
2021-04-29,0.006372808010848274,-0.0017530020159522985,-0.004133964411958568
2021-04-30,-0.0065705137361329324,0.0008780402142418708,-0.003369028997713852
2021-05-03,0.0021567697617248527,0.0010527239231512553,0.012978389472413365
2021-05-04,-0.006169320751570506,0.0013145210761547066,-0.007329718133603391
2021-05-05,0.00031278571772297425,0.001225275687029681,0.004142153920038361
2021-05-06,0.007985592303066724,0.0004370629370629153,0.016679619776409416
2021-05-07,0.007277996342424986,0.0003494975972040404,0.008996824650123525
2021-05-10,-0.009902397422533848,-0.0020089090750282645,0.0030304796316802385
2021-05-11,-0.008924749964109635,-0.001662874146683091,0.00017430712916133295
2021-05-12,-0.021245238435702585,-0.004821600771456103,-0.00993383292668748
2021-05-13,0.012012530524653897,0.0033474277660325846,0.0041073170279479765
2021-05-14,0.01535534269279526,0.0021949078138718825,0.009115876818792668
2021-05-17,-0.0025445293231679544,-0.0009636443276390683,0.01163935375528391
2021-05-18,-0.00861568657623435,0.0,0.0019461362335431165
2021-05-19,-0.0026217653056270773,-0.0029814100315679326,0.0006856147558051973
2021-05-20,0.01075794700768995,0.004133685136323617,0.0045673098881025
2021-05-21,-0.0008187247158543132,0.0003503547341683344,0.00045453509578674556
2021-05-24,0.010194269050947113,0.0009631380789774102,0.0017610771279867876
2021-05-25,-0.0022187178896696524,0.003673897830650752,0.009072809238853896
2021-05-26,0.001984554370326963,-0.0011329963395502185,-0.0017420623770721955
2021-05-27,0.0005249719491975391,-0.0017450484250938203,0.00039411168655711926
2021-05-28,0.001788738062230566,-8.740494711989566e-05,0.003770130900335733
2021-06-01,-0.0008808684677442669,-0.0008741258741259417,-0.002690940688417909
2021-06-02,0.0015726165422209615,0.0011373578302713572,0.004890444344600731
2021-06-03,-0.0037113697264380408,-0.0025343004456873652,-0.019578229009341586
2021-06-04,0.009145879818178937,0.00551953741019795,0.010783362811662034
2021-06-07,-0.0009702082117792887,-0.0007841770497515332,0.004007676676450744
2021-06-08,0.00021317416329136307,0.0028775723753051707,-0.0030920897284534288
2021-06-09,-0.0014919247892393184,0.0031301625945570066,-0.0019174936883886717
2021-06-10,0.004648405185542659,0.0035537834792407352,0.004294327042603907
2021-06-11,0.0016524869963525646,-0.0014683019519778906,-0.011252390500034237
2021-06-14,0.0022389526525419257,-0.003113917481186723,-0.005860930587178181
2021-06-15,-0.0018341719928004485,0.00017353579175694023,-0.003777745762821527
2021-06-16,-0.005583348907290175,-0.006853474451288255,-0.016891697787991933
2021-06-17,-0.0003316434183421313,0.0035814116002794716,-0.030740400911694277
2021-06-18,-0.01670732516529616,0.005657585516581021,-0.00554730144423865
2021-06-21,0.014315964178251983,-0.0032023541630604724,0.012247681576891933
2021-06-22,0.0053461960116474305,0.0018233915082050967,-0.004192872117400381
2021-06-23,-0.0012053130676493717,-0.0019934130698560093,-0.0006616541353384742
2021-06-24,0.005915759443545721,-0.00017368649587501395,-0.0006019622005537517
2021-06-25,0.0035520582556560765,-0.0020846000173716517,0.0033125152561139792
2021-06-28,0.0020159162236215167,0.003133431978414203,-6.002761270174073e-05
2021-06-29,0.0005380728472172969,0.0005206073752712648,-0.010505462840677104
2021-06-30,0.0008416880794555048,0.0015610094527793716,0.00485348540920949
2021-07-01,0.005536583656496674,-0.001385401333448777,0.003441405542474074
2021-07-02,0.007643542681587068,0.0036417237492414323,0.0065583032490974524
2021-07-06,-0.0018214746841280771,0.005269978401727826,0.004961504271714157
2021-07-07,0.0035340587054273342,0.002921966311447255,0.0038067451820127385
2021-07-08,-0.008148000003406541,0.0025706940874035134,-0.0006518132645064734
2021-07-09,0.010674788576190863,-0.005042735042735114,0.003320604999739407
2021-07-12,0.0035819251373512273,-0.0005154196374882458,-0.001241120427804554
2021-07-13,-0.003408964112038282,-0.003094112591319309,0.0013017751479289519
2021-07-14,0.001492205973507188,0.004310716441072504,0.010755170783595336
2021-07-15,-0.0034155282279370036,0.0042063696454632815,0.00017551450979391703
2021-07-16,-0.007843588269120239,-0.0001709693964780934,-0.009703687981312492
2021-07-19,-0.014767932489451407,0.00854993160054729,0.0011805678531373598
2021-07-20,0.014330423323999364,-0.0012716174974567451,-0.001297093331761312
2021-07-21,0.008096297499188054,-0.005772005772005873,-0.0037192868528248546
2021-07-22,0.0020941204025801685,0.002305131050969189,0.00195549904927117
2021-07-23,0.01028799454112872,-0.0015332197614992271,-0.0031344254539003025
2021-07-26,0.00245485748056562,-0.0006824773929363648,-0.0023730422401518902
2021-07-27,-0.004557571188553156,0.004268396790165552,0.0016650808753568835
2021-07-28,-0.00041005898703772026,0.0008500510030602371,0.005046247922108726
2021-07-29,0.00414739202304748,-0.0030575845082384534,0.011105263813885324
2021-07-30,-0.004856416767421212,0.002811381836769433,-0.007886837646783884
2021-08-02,-0.0020980364849597644,0.003738000169909217,-0.0012366622755468626
2021-08-03,0.008135446422450343,0.00025391451544654053,-0.0007074464949000658
2021-08-04,-0.0049189165798235734,-0.00025385005923173054,0.0002359431095673159
2021-08-05,0.006332862400727501,-0.0036394413880660448,-0.0039521028726478
2021-08-06,0.0016524356742928514,-0.005861365953109043,-0.024991116901575405
2021-08-09,-0.0008135551269757846,-0.0021362043920362117,-0.0177356656948493
2021-08-10,0.0012439553977336981,-0.0018838842267511202,0.00030917635419247524
2021-08-11,0.002484887559521365,0.0011153054221002545,0.013785003399888751
2021-08-12,0.0029969579521385015,-0.001028365755420424,0.00024384146341449586
2021-08-13,0.0018198198607044525,0.005747619456120789,0.01432583603546922
2021-08-16,0.0023546599759003417,0.0022176731490959334,0.004988280545705992
2021-08-17,-0.006555227420184884,-0.0005106382978723456,-0.0014950364788900439
2021-08-18,-0.010945004708021733,-0.0005108991825613085,0.0007786428699765313
2021-08-19,0.0015483401236018324,0.0022150281138184624,-0.0029324354917751316
2021-08-20,0.00795707743275309,-0.0009350561033661942,0.0005401836624450151
2021-08-23,0.008796508679098647,0.00025525397770786995,0.012177564487102499
2021-08-24,0.0015874211512896252,-0.002722014290575059,-0.0004741895335742541
2021-08-25,0.002098354800544655,-0.003923575571477267,-0.006937385528454576
2021-08-26,-0.005903165445189429,0.0,0.0011344638165751153
2021-08-27,0.00894095350376567,0.0032539818462065107,0.015029522275899154
2021-08-30,0.0043975791227095495,0.001963127347217597,-0.004935601386685473
2021-08-31,-0.0014815690803005044,-0.0018740948973506866,0.0020076172419476457
2021-09-01,0.0005314686863318041,-0.00025603823504305456,5.8930991808647804e-05
2021-09-02,0.0030766047604384728,0.001195151101246461,-0.0026517383618148704
2021-09-03,-0.0002427458681788508,-0.0023874488403820004,0.010694239290989671
2021-09-07,-0.0035755275795781305,-0.003931623931623829,-0.019583713316964735
2021-09-08,-0.001218247490768709,0.0027458383387677365,-0.0025044420425472946
2021-09-09,-0.004280211128606659,0.002823891836385428,0.004423516314395304
2021-09-10,-0.007884560383879857,-0.003157265978325885,-0.005058679997619442
2021-09-13,0.0025592447916666927,0.0011984249272385394,0.00334980280833852
2021-09-14,-0.005396524819663351,0.003761969904240825,0.00643853544541928
2021-09-15,0.008352635064217795,-0.0017035775127768327,-0.005864292982804442
2021-09-16,-0.001585223720639517,-0.003156996587030725,-0.022641959125305422
2021-09-17,-0.012903414520128442,-0.002910211418300168,-0.001585075900749855
2021-09-20,-0.01667417346339317,0.005064812430251475,0.0071441655980948315
2021-09-21,-0.0009446364172740473,-0.0005978817902287936,0.006669031162847006
2021-09-22,0.009754837073080669,0.0009400905905478929,-0.003733979988796654
2021-09-23,0.012150002561321038,-0.009050546448087449,-0.011546427276024618
2021-09-24,0.0016472088462298196,-0.003015681544028981,-0.0012842640379341352
2021-09-27,-0.0028609177535987573,-0.002679111572033377,0.002082057562767803
2021-09-28,-0.020151838510938047,-0.003812824956672567,-0.00971645074553884
2021-09-29,0.0016831365858156477,0.0010438413361169019,-0.004504720765196035
2021-09-30,-0.012222349816495615,0.0012165450121655041,0.017976629185678883
2021-10-01,0.011884186701677901,0.0033848290227391775,0.0022530751431006912
2021-10-04,-0.012896048565218421,-0.00121096790935038,0.004678291512242527
2021-10-05,0.010405001623623455,-0.003117692907248615,-0.004656507014997646
2021-10-06,0.004156037770583376,0.00026062027625739503,0.002673309435567095
2021-10-07,0.008645688862857881,-0.00399513635574078,-0.0052717687693146775
2021-10-08,-0.0018237587197375005,-0.0021799790722009105,0.0004264132553606359
2021-10-11,-0.007239734326947689,-0.0024469107751463604,-0.001887596663216251
2021-10-12,-0.002461524304676832,0.004555409548839151,0.004514397266959458
2021-10-13,0.0035975969743091696,0.0019185488793931338,0.017794242681890005
2021-10-14,0.016820649313402436,0.0023500739838104856,0.0024464466853630906
2021-10-15,0.007615819209039643,-0.004949635290031229,-0.015892857142857042
2021-10-18,0.0029605041828335565,-0.0013962823981149564,-0.002479888707433764
2021-10-19,0.007714863928084403,-0.0035829764921787577,0.0032136793596895252
2021-10-20,0.0039277249261555625,-0.00043851955797225006,0.008763916591115306
2021-10-21,0.002608253575296704,-0.002632271650434337,-0.0008986818992620105
2021-10-22,-0.0010361780462531112,0.0025512448315296865,0.006116941529235476
2021-10-25,0.005362795727401171,0.0012285012285011554,0.006914168206473059
2021-10-26,0.0009000109955001889,0.0012269938650306678,-0.007399515029865356
2021-10-27,-0.00443019134200795,0.0056022408963585235,0.0026241055954261405
2021-10-28,0.009648874300568488,-0.0026114206128133866,-0.00023792529145838515
2021-10-29,0.0020291280758175656,0.0004363763309478408,-0.00850791289861974
2021-11-01,0.0017202177463255808,-0.0007851347814706866,0.00522058237147216
2021-11-02,0.004043083122270197,0.002444560852103983,-0.0021489971346705383
2021-11-03,0.0061052393614471345,-0.003135342274865005,-0.008315386456089868
2021-11-04,0.004712515062833544,0.00541673947230481,0.011340954334318587
2021-11-05,0.0034696194127346036,0.005474452554744547,0.013062989147807347
2021-11-08,0.0008537126758159097,-0.004321147696828231,0.003591615638247614
2021-11-09,-0.0033053761394103987,0.004600295113271535,0.004928072748606738
2021-11-10,-0.008044845735803774,-0.008553654743390315,0.010858778145763193
2021-11-11,0.00032351926146412247,-0.0032244008714596983,0.0056021371990839786
2021-11-12,0.007546844503673045,0.0020982689281343614,0.0018952446588558214
2021-11-15,0.00034241445721772124,-0.003926016402024057,-0.0015477787331612536
2021-11-16,0.003957833343128048,-0.000875886835420947,-0.007233838973122131
2021-11-17,-0.002429232015001559,0.003594284211449139,0.009137173259310627
2021-11-18,0.0033964198018450187,0.0006114605171207987,-0.003209169054441241
2021-11-19,-0.001788261303551697,0.002706241815801036,-0.007646314821202593
2021-11-22,-0.0028151591457450387,-0.007313250914156355,-0.0224204275534442
2021-11-23,0.0013259832468723864,-0.004122083844939506,-0.008652423334572612
2021-11-24,0.002669856254939207,0.0030823425803612192,-0.0009564801530368428
2021-11-26,-0.02230316973415125,0.012906057945566207,-0.001615545715653477
2021-11-29,0.012266618733250523,-0.0022536187917137074,-0.00137854351941602
2021-11-30,-0.019457619038794283,0.005994266353922306,-0.0067218821269955376
2021-12-01,-0.011107208710158911,0.0011226252158895722,0.003987915407855036
2021-12-02,0.015316293007769044,-0.002156473734149955,-0.005536771786230021
2021-12-03,-0.008701311952368007,0.005878284923928057,0.008411945750910865
2021-12-06,0.011843323809198392,-0.004984530766586448,-0.002460541319090126
2021-12-07,0.020684822670833602,-0.003800310934531037,0.0035495126940199295
2021-12-08,0.0026479670282737455,-0.003207907057395598,0.0005394760505965657
2021-12-09,-0.0067515336247984115,0.0025223971470818007,-0.006111384428483246
2021-12-10,0.00941348752195803,0.0006940829429116224,0.004219918013021573
2021-12-13,-0.008858350870084242,0.004768510490723132,0.002521311081762345
2021-12-14,-0.006880039289280604,-0.0017257744412805254,-0.009341317365269441
2021-12-15,0.015625043500195224,-0.0014694442043391431,0.004291525628626669
2021-12-16,-0.00881852934937244,0.001990997229917024,0.012097563171685977
2021-12-17,-0.01410657060549747,0.0022462203023758676,-0.002140818268315803
2021-12-20,-0.010633418139909145,-0.0008619946556331914,-0.004231227651966707
2021-12-21,0.017759000005296954,-0.0039685963247346745,-0.00041893590280683846
2021-12-22,0.009998704271584558,0.0009527934170636687,0.009400071847682767
2021-12-23,0.006222091556372877,-0.0020768431983385627,0.002253988967317211
2021-12-27,0.014152145895619528,0.0003468609087755592,0.0023672841332780248
2021-12-28,-0.0008171855840174436,-0.00017337031900133137,-0.004310090334770145
2021-12-29,0.0012791955878961314,-0.005115311253684807,-0.0002964895635673148
2021-12-30,-0.0027645345822958634,0.003311546840958579,0.007177175395931101
2021-12-31,-0.0025201822916667282,-0.0011291583427429641,0.006831625441696021
2022-01-03,0.005789961381799769,-0.009304347826086912,-0.01538377308237171
2022-01-04,-0.0003349312414421268,-0.0005266391643992119,0.007366541911721036
2022-01-05,-0.019202157244312734,-0.00421533327478707,-0.0030076662730632586
2022-01-06,-0.0009394081728510972,-0.002469353558514853,-0.012244114515556515
2022-01-07,-0.003953498311749404,-0.003271151975952624,0.004551110572422745
2022-01-10,-0.0012443734042780763,-0.00026609898882390404,0.003040178837555807
2022-01-11,0.009108268155178845,0.0023955283470855626,0.012064662549902794
2022-01-12,0.002703544438531047,0.00017702248185513803,0.0026426685444049802
2022-01-13,-0.013778587189049118,0.003185840707964571,-0.003397036230699646
2022-01-14,0.0004090155641187643,-0.006880733944954143,-0.0028796426892336857
2022-01-18,-0.017709610087794925,-0.007550186534020176,-0.0016502622738256978
2022-01-19,-0.010383557370009289,0.002416539872907908,0.015880512426943882
2022-01-20,-0.011068068622025473,0.002142857142857002,-0.002498895862389605
2022-01-21,-0.01963064353665367,0.005791161796151245,-0.0032623945972848345
2022-01-24,0.004246746329815254,-0.0008858180529718318,0.00549418434741944
2022-01-25,-0.012208985085485513,-0.0013299051334338952,0.003197116781956666
2022-01-26,-0.0025088038299537763,-0.007102272727272707,-0.01616647351952727
2022-01-27,-0.004937952835848525,0.004202432045779636,-0.01289816908523278
2022-01-28,0.024835405454860737,0.002315020924227529,-0.0029832933780851167
2022-01-31,0.018011064192531734,0.0,0.005924535851314472
2022-02-01,0.006756929163610481,-0.002309673980634197,0.0008328871437919272
2022-02-02,0.009714096264177075,0.00204790312527825,0.0036259882303988356
2022-02-03,-0.023504973794578055,-0.004265150168828891,-0.0014214048803601331
2022-02-04,0.0047021942520781845,-0.007674460110654979,0.0015420521030813372
2022-02-07,-0.0032092711564681853,0.00026978417266199095,0.007402582020608728
2022-02-08,0.008227853860665935,-0.003236536905511067,0.0030568455705131115
2022-02-09,0.014636115669490302,0.0013529358708397332,0.0033992263962960845
2022-02-10,-0.017965641955552614,-0.009187533777697654,-0.0037965653994179727
2022-02-11,-0.019718730087271208,0.010363636363636353,0.019054878048780477
2022-02-14,-0.0032693094326229355,-0.006928198668346153,0.005350727806225253
2022-02-15,0.016126873858295143,-0.002989942919271571,-0.009499885000578856
2022-02-16,0.0011208249020213668,0.0020901490367137843,0.0102842616131269
2022-02-17,-0.02136141913655576,0.005350503310057153,0.013668077318997884
2022-02-18,-0.006475060632407437,0.0032473389861085167,-0.0007334273624823862
2022-02-22,-0.010731639667189263,-8.991188635143477e-05,0.0020890356820235656
2022-02-23,-0.01773866848851946,-0.005215358331085329,0.0045071832493557284
2022-02-24,0.015049128687068869,0.002350176263219872,-0.006450109734147169
2022-02-25,0.022063997713378525,-0.00027053837135904146,-0.003330698882239913
2022-02-28,-0.002558537978298081,0.011365686451380252,0.01036533559898034
2022-03-01,-0.015230263609921413,0.008829825187299356,0.01816347124117068
2022-03-02,0.01839620404678821,-0.015029617186809285,-0.010406342913776068
2022-03-03,-0.004978464797587012,0.004308410376088423,0.005953374506203923
2022-03-04,-0.008124624363099908,0.00992045759227822,0.015929148230088508
2022-03-07,-0.02947918574914543,-0.004247787610619502,0.014862860129728928
2022-03-08,-0.007581694384800608,-0.00648773551368631,0.027358993616222183
2022-03-09,0.026810810810810937,-0.006172287324447745,-0.02971113935100722
2022-03-10,-0.004515547132729725,-0.004590459045904494,0.003121192383963356
2022-03-11,-0.012715050937410544,-0.0002712722669319101,-0.007027843724669691
2022-03-14,-0.007308329390141477,-0.01266280752532567,-0.015073747906423907
2022-03-15,0.02199043165467618,-0.00045804323928178015,-0.01870543060888663
2022-03-16,0.022174225727427554,-0.0013747594171020783,0.006260774777796518
2022-03-17,0.012510926954685253,-0.0019273127753303143,0.004888673123086162
2022-03-18,0.00782184216061288,0.002942528735632166,-0.008789872298081591
2022-03-21,-0.00029240529767848855,-0.013019162006051022,0.007640825432236431
2022-03-22,0.011701410659523903,-0.005480724570366968,-0.007250788730835067
2022-03-23,-0.01287842256277938,0.006725200821968924,0.013659678858162216
2022-03-24,0.015074358158502887,-0.005566895527927218,0.0072603267147022255
2022-03-25,0.0048835935289039956,-0.010263108788953201,-0.004095451318735344
2022-03-28,0.007113035410545976,0.002262443438914019,-0.018203750411229236
2022-03-29,0.012370840736110056,0.004984951091046019,0.00044677761644140723
2022-03-30,-0.006174802430393256,0.003930744033692202,0.008038405716199737
2022-03-31,-0.015391322969450116,0.0018644541810384219,0.0003875844501051162
2022-04-01,0.002834115604593901,-0.007630036289196895,-0.006365845910093926
2022-04-04,0.008566589937150315,-0.000656352555086781,0.004846796657381747
2022-04-05,-0.012631326896482609,-0.01191593169450178,-0.006264844486333576
2022-04-06,-0.009999357027248634,-0.0035134365207483143,0.0023431710364218983
2022-04-07,0.005038968132199395,-0.002477606251191089,0.0037849270844929617
2022-04-08,-0.0026739310264485283,-0.005063049293083655,0.006265942109348943
2022-04-11,-0.017092298029530717,-0.004800768122899646,0.004959497437593052
2022-04-12,-0.003705219046526209,0.004823926676314594,0.007676701211822179
2022-04-13,0.01145358070105229,0.002208353336533797,0.00478854002285467
2022-04-14,-0.012451760618980012,-0.009005556620042099,-0.003303547430465681
2022-04-18,0.0004111331823219988,-0.0029002320185614883,0.0030972072971751086
2022-04-19,0.016142681005548276,-0.006592980414970029,-0.015112886625859967
2022-04-20,-0.0007415513045669897,0.0078079250439195835,0.004894950781269891
2022-04-21,-0.014953543094455735,-0.005520046484602026,-0.003557604753018251
2022-04-22,-0.027439140756973956,0.00048690232739301287,-0.009722124574316204
2022-04-25,0.005797577556154954,0.0064239828693790635,-0.01797099217765763
2022-04-26,-0.02896081704135689,0.006673114119922552,0.0015250494210674592
2022-04-27,0.0028117759478063498,-0.005572101066384838,-0.0075570151389006135
2022-04-28,0.025259448924184635,-0.001449135349241626,0.005398283895897249
2022-04-29,-0.03695565788550992,-0.00532120743034048,-0.00011298254185176937
2022-05-02,0.00601944174757274,-0.008656745452776948,-0.01854050081962577
2022-05-03,0.004584032894614065,0.0011773940345369827,0.002649311754881145
2022-05-04,0.030452951630721925,0.006468051744414005,0.009822505600551423
2022-05-05,-0.035542814524775035,-0.01002921129503409,-0.0038111490329921782
2022-05-06,-0.005968922935646881,-0.00570473099242641,0.0016559127505282323
2022-05-09,-0.03201728497107015,0.007419131467009565,-0.014479534830691976
2022-05-10,0.002310545688762433,0.0033385703063628647,-0.008445164275798334
2022-05-11,-0.015886140970708285,0.006165590135055687,0.008167133356667966
2022-05-12,-0.0010439210693826695,0.0033070712965665994,-0.015333930370678761
2022-05-13,0.023907835041035996,-0.005235094522540007,-0.008109596286066889
2022-05-16,-0.004057552524146302,0.004190624695448841,0.009538480332868193
2022-05-17,0.020570396660751555,-0.007569875776397561,-0.006279284406061181
2022-05-18,-0.040311568370112516,0.007138666145120265,0.0005315065257187612
2022-05-19,-0.006124636506013248,0.0035925818040587476,0.01469720221933657
2022-05-20,0.00043652751082334795,0.004643962848297267,0.000698039671921391
2022-05-23,0.018710083925775667,-0.006067026194144898,0.004650351682845999
2022-05-24,-0.007633779914497096,0.008623195426799679,0.007521842272753432
2022-05-25,0.008834928309047418,0.002017291066282567,-0.0060299776029402175
2022-05-26,0.019981377557440227,-0.000479340427571584,-0.0018489137970881808
2022-05-27,0.02454913522982416,0.001438710915020014,0.0005210697222199911
2022-05-31,-0.005610990569498986,-0.010439613063882858,-0.009893028065199427
2022-06-01,-0.008088513987564827,-0.006871854432830005,0.006369054575201538
2022-06-02,0.01904345809223873,0.0014618458239938903,0.012309179585438201
2022-06-03,-0.016411509226107346,-0.001946282600233551,-0.010152049890906123
2022-06-06,0.003044770228363358,-0.00750780031201248,-0.004403696836249971
2022-06-07,0.009592219102158461,0.004027900579624655,0.006518390960400966
2022-06-08,-0.010872155935732652,-0.0037181996086106395,-0.0009251763617439401
2022-06-09,-0.023782889937259966,-0.0008839127872715125,-0.0031832388007871915
2022-06-10,-0.028995640693503466,-0.009829942003342196,0.013412239447250673
2022-06-13,-0.03796816413463733,-0.017770276978060218,-0.026412285230450583
2022-06-14,-0.0030133333333333123,-0.007984637153830576,-0.008003178250054699
2022-06-15,0.01425631904137803,0.01395822720326012,0.0130508979622177
2022-06-16,-0.03309604343101158,0.006531350482315235,0.011243192598231477
2022-06-17,-0.0021546434516471757,0.0002994908655287176,-0.008222827031096114
2022-06-21,0.025173619012016202,-0.005189620758482949,-0.0037367898639575348
2022-06-22,-0.0018129948592797707,0.012640449438202195,0.003985231202016104
2022-06-23,0.009802585277315368,0.005646918961759617,-0.006129297764287056
2022-06-24,0.03179386869809031,-0.003546448625751153,-0.000998414248702728
2022-06-27,-0.003819703748454306,-0.005635195254572456,-0.001117114468810687
2022-06-28,-0.020432872693584403,0.0012925034798170199,-0.001647969490757517
2022-06-29,-0.0008143701777058032,0.008042895442359255,-0.0007663600990448494
2022-06-30,-0.00812430982804857,0.0076832151300236795,-0.006077054334942766
2022-07-01,0.010576514247846225,0.009188660801564108,-0.0008310577685470832
2022-07-05,0.001888574176072133,0.0036807438977142226,-0.02120965891102311
2022-07-06,0.0033773432657173696,-0.008492569002123251,-0.015842185128983388
2022-07-07,0.0149771428571428,-0.006131983648043571,0.0005550758603676265
2022-07-08,-0.0008225918615540895,-0.0060718832631476705,0.00043148616162258513
2022-07-11,-0.01142357240271763,0.007882550004926658,-0.005360505237215096
2022-07-12,-0.008848918386150983,0.0023462704076644414,-0.0037167195513051476
2022-07-13,-0.0052516872423834515,0.004291426899444062,0.004787726170490503
2022-07-14,-0.0024285036145105243,-0.005535592891133256,-0.014047090714907617
2022-07-15,0.019105077928607272,0.00341796875,-0.0020084729806064683
2022-07-18,-0.008256926232700579,-0.0029197080291970545,0.0009433998455066206
2022-07-19,0.02701919028618427,-0.004587603709126364,0.002387471726564394
2022-07-20,0.006373161505421221,-0.0009805844283193865,-0.00940203142798246
2022-07-21,0.010183195536215939,0.011385944248135216,0.014110415977627078
2022-07-22,-0.009278090993302568,0.01145186335403725,0.002495788357147255
2022-07-25,0.0012149383684731951,-0.0035501823066590443,-0.002738532395593407
2022-07-26,-0.011831028343124439,0.0003851709195956676,-0.001185857829370307
2022-07-27,0.02596638374053084,0.0020213687554142545,0.010185016882342968
2022-07-28,0.012542389473808369,0.009894332372718528,0.012185315766685134
2022-07-29,0.01457871759601237,0.00038048130885570686,0.002811109753116714
2022-08-01,-0.002961236995102645,0.004088618427308122,0.005667214767384854
2022-08-02,-0.006597341738621143,-0.013825757575757547,-0.005938314245894638
2022-08-03,0.015659486350046548,0.004129057038601891,0.0024382810118865894
2022-08-04,-0.0006755941446352498,0.005068375251028101,0.016539981757373035
2022-08-05,-0.001690151346303348,-0.014462416745956164,-0.011246096787701165
2022-08-08,-0.0011609306600238734,0.005889167793010186,0.00847002289733334
2022-08-09,-0.003970992129857631,-0.0029753335252903357,0.0030595716599675082
2022-08-10,0.02100396205168442,0.000577589526376654,-0.00251196172248791
2022-08-11,0.0,-0.006638445256878955,-0.002638206019906497
2022-08-12,0.016929022522655934,0.003970944309927393,0.00919802813514492
2022-08-15,0.004120767873547981,0.0031834844684546226,-0.012867039971406369
2022-08-16,0.0019587278356276716,-0.0011539571112606506,-0.0017501055005670896
2022-08-17,-0.0070980217105417465,-0.006739193222297102,-0.006468323056462277
2022-08-18,0.0029064104747782427,0.0019385480275273537,-0.0026164281949238033
2022-08-19,-0.013438032825304758,-0.008609848118409591,-0.007320644216690986
2022-08-22,-0.02082247546258409,-0.0043911007025760895,-0.006637168141592986
2022-08-23,-0.0024192572294845505,-0.002450259727531101,0.006990843850532169
2022-08-24,0.0032011639820257454,-0.0033405384161918628,0.00294894636603793
2022-08-25,0.014117532958214829,0.006407728706624649,0.003062787136294043
2022-08-26,-0.03384903735670097,-0.0011754334410813971,-0.012152732824427526
2022-08-29,-0.006612222743085594,-0.0056879474355202575,0.0006182616603773727
2022-08-30,-0.010977845664754238,-0.00029588716835982076,-0.008340602990238644
2022-08-31,-0.007609050692073405,-0.004143646408839796,-0.007725313545904333
2022-09-01,0.0031378613071983974,-0.009708737864077666,-0.008790104853393599
2022-09-02,-0.01054442231611874,0.0056022408963585235,0.00880464939507175
2022-09-06,-0.003773149188587177,-0.01114206128133699,-0.005839445299475221
2022-09-07,0.01796496524810709,0.006539235412474698,0.010168635129160553
2022-09-08,0.006536276333651836,-0.0036981509245376243,-0.006002250844066581
2022-09-09,0.015535266496828015,0.00010032102728718684,0.005283746383192955
2022-09-12,0.010747638692876649,-0.002407463135720711,0.005068138839435576
2022-09-13,-0.043482468306689115,-0.00563097033685267,-0.013011330386602848
2022-09-14,0.003815822848745265,0.0005056122964910426,-0.0038476096787944947
2022-09-15,-0.01135329418770159,-0.0034364261168384758,-0.018679099517450837
2022-09-16,-0.011688711165795174,0.0008113590263691961,0.005549103110078724
2022-09-19,0.007754927897084762,-0.0028374543980542732,0.0007700847022586998
2022-09-20,-0.011478548744783157,-0.006199186991869943,-0.0057065910678001375
2022-09-21,-0.017443802233851335,0.003988137846405504,0.004642935149098193
2022-09-22,-0.008399824892026175,-0.015074353228763493,-0.0005776365991165822
2022-09-23,-0.01675482336593448,0.0012409513960702778,-0.01727687861271676
2022-09-26,-0.009892675366417358,-0.01662879570336706,-0.01163316199157971
2022-09-27,-0.002552770991737785,-0.0068270139691207765,0.002049791707994464
2022-09-28,0.019676371842148654,0.022525380710659793,0.02078665835994853
2022-09-29,-0.02088896985399291,-0.004654049022649764,-0.00019393625961605654
2022-09-30,-0.015463545978016358,-0.002597672485453062,6.465795939480934e-05
2022-10-03,0.026401255008714264,0.00989686425669345,0.024309756255253223
2022-10-04,0.03098663514324862,0.00206313183412421,0.014328158450303441
2022-10-05,-0.0023282271079716477,-0.009470866790199706,-0.005538270068450424
2022-10-06,-0.010315813201092427,-0.005508210351278353,-0.0011263375258119268
2022-10-07,-0.027893889927816495,-0.004911694011913492,-0.010962851594311873
2022-10-10,-0.007635326011319887,-0.005881117412308345,-0.015201418799087985
2022-10-11,-0.006332981676934191,0.002535389816184397,-0.0020581425263699327
2022-10-12,-0.003298457072132166,0.003266596417281331,0.005349381283836108
2022-10-13,0.026391070226609914,-0.0042012393656127855,-0.006923584401334559
2022-10-14,-0.022788753176489984,-0.005590127623668395,-0.012458847072493784
2022-10-17,0.025696977322931636,0.0010606703436570886,0.002876192966400737
2022-10-18,0.011749604390447477,0.0025429116338209212,0.002150958154086835
2022-10-19,-0.007086465658933561,-0.010462904248573324,-0.013398373983739886
2022-10-20,-0.008385345997286242,-0.007476236249065349,-0.0015821741710067005
2022-10-21,0.02430149694863304,0.0022597654148281965,0.017827599867943356
2022-10-24,0.01223647406458972,-0.0012883830792356221,-0.0032435941124615564
2022-10-25,0.015968564415234754,0.012470436465276347,0.0022779695592560767
2022-10-26,-0.0075340848089450185,0.005096623486939844,0.006363636363636349
2022-10-27,-0.005339982339667704,0.0070779632368476175,-0.001548522389985707
2022-10-28,0.02379067256722278,-0.005140039861533552,-0.01021073993726651
2022-10-31,-0.007223279194470189,-0.004533951919021617,-0.00816139984330111
2022-11-01,-0.004375857807303207,-0.0023302616248278563,0.010203475742215806
2022-11-02,-0.02509619850973155,-0.001698694128888345,-0.00697256568665694
2022-11-03,-0.010296876250433407,-0.004360310539189616,-0.0038060240173238835
2022-11-04,0.014393142654021585,-0.0021362956633198538,0.030696265068177242
2022-11-07,0.009565563715542513,-0.0035324341682723137,-0.003962357001342065
2022-11-08,0.005395420308055732,0.006660221291223456,0.023099068136087864
2022-11-09,-0.0206020942408377,0.0034147903105326005,-0.005017309501410994
2022-11-10,0.054954160318605894,0.022439646921195378,0.030444439359876396
2022-11-11,0.009678507182852458,-0.0020802995631371557,0.006606312698801187
2022-11-14,-0.008506712290614726,-0.0023973316656243915,0.002187651920272149
2022-11-15,0.008529029155699419,0.007418242607878156,0.0035168566577734595
2022-11-16,-0.007628748717125711,0.0073636175067413046,-0.0022960725075528154
2022-11-17,-0.003059855783035692,-0.006795016987542479,-0.00726744186046524
2022-11-18,0.004540406973934763,-0.0035244117342179138,-0.006893667642752566
2022-11-21,-0.0036360881751382745,-0.0006241547903880207,-0.005589962871795695
2022-11-22,0.01345698066347345,0.005724992193192557,0.0011737706943415471
2022-11-23,0.0063016255639316565,0.005381908507555266,0.006231813029443423
2022-11-25,-0.00022369662979726535,-0.0003088326127239638,0.0008584743684081353
2022-11-28,-0.015957025724082863,0.00041190402636193113,-0.007903504472491107
2022-11-29,-0.0017175368139223934,-0.0042202779207412,0.004940468408600518
2022-11-30,0.031500593793472254,0.00899317758941498,0.0127819086830947
2022-12-01,-0.0007358467605926844,0.008913021206843563,0.018384806747163474
2022-12-02,-0.0011537139771220506,0.002030869212022779,-0.003455731649189775
2022-12-05,-0.017989235948981497,-0.010133765707336817,-0.017158855503937365
2022-12-06,-0.01441480017017438,0.006142506142505999,0.0027373927854492663
2022-12-07,-0.0017012163040198702,0.008750508750508645,0.009039068187333132
2022-12-08,0.007833935293519056,-0.00564857776881178,0.000841700234473608
2022-12-09,-0.007470195019942394,-0.0074051531750862765,0.0035441821349191382
2022-12-12,0.01441723454027688,-0.0014307613694429788,-0.008260565066443237
2022-12-13,0.007569845655599927,0.009006242963872868,0.017081121262742638
2022-12-14,-0.006393536831106883,0.0027386144639416354,-0.0024329714813939862
2022-12-15,-0.02446166811371231,0.0,-0.01635930896137361
2022-12-16,-0.016323204065395336,-0.002528828646570891,0.00870867803394737
2022-12-19,-0.008479662078421546,-0.008112767467802429,-0.002817795000767065
2022-12-20,0.001368401699078925,-0.007258971475309406,0.016594455471713898
2022-12-21,0.014952435619056237,0.0012358393408857804,-0.0016560208185474323
2022-12-22,-0.014266136388521367,-0.00030857848179388636,-0.012085367298578342
2022-12-23,0.005752258877915528,-0.004527214734026064,0.002998321120071923
2022-12-27,-0.0039435115301246215,-0.008372093023255811,0.008430049529478012
2022-12-28,-0.012427871327421847,-0.0023973316656243915,-0.004505839805537426
2022-12-29,0.01800031858970952,0.004910667641834898,0.005598296706569084
2022-12-30,-0.002634075735447605,-0.0041588687876897845,0.004678649411983926
2023-01-03,-0.004209868582743637,0.007830444769262979,0.00837066729544933
2023-01-04,0.007720182560785105,0.007666010566663051,0.009411902256518001
2023-01-05,-0.011413409125145768,-0.0014392926904492898,-0.012451497075345874
2023-01-06,0.02293212610047979,0.012869350355193987,0.01870754163734456
2023-01-09,-0.0005668934386440228,0.002541166903842207,0.002245121049730958
2023-01-10,0.007012839865230713,-0.006286119841833027,0.0036760480369875115
2023-01-11,0.012647857356952619,0.00642791551882449,-0.0006867917656637745
2023-01-12,0.0036407767910795474,0.008921330089213253,0.011567976176841022
2023-01-13,0.0038795093681860404,-0.005325562700964626,0.01200175498188405
2023-01-17,-0.0018318946047678475,-0.003131629457520879,-0.006545032811872464
2023-01-18,-0.015788018598386522,0.013579246047831228,-0.0028717833211329147
2023-01-19,-0.007279828534057731,-0.0018996200759847648,0.01586853399593391
2023-01-20,0.01862903924894388,-0.006611239106480982,-0.0033354272055144962
2023-01-23,0.011998585429928266,-0.003226782293032193,0.001896424892432691
2023-01-24,-0.0010732845767914556,0.005766312594840839,0.0036185492401046293
2023-01-25,0.00037481258433746945,0.0011064172198753663,0.0046039494120257984
2023-01-26,0.010990358161849345,-0.003616999899527795,-0.009055270277731897
2023-01-27,0.0022976899320568123,-0.001512554199858851,-0.001392990471945188
2023-01-30,-0.01254681060310614,-0.0031306806705716506,-0.002566733623479589
2023-01-31,0.01470333757707376,0.005065342923715965,0.0036362163591530106
2023-02-01,0.010627779703114903,0.00503981453482516,0.012596845214870811
2023-02-02,0.01455698672241934,-0.0004011633737839304,-0.020751967853800735
2023-02-03,-0.010629084888910123,-0.01073542690879914,-0.02495773046417815
2023-02-06,-0.00611136155907932,-0.008620689655172376,0.0020754063141124046
2023-02-07,0.013078618282668764,-0.002455242966751814,0.0009204348797355877
2023-02-08,-0.010934776849153338,0.003691929032919594,0.0024715484538453403
2023-02-09,-0.00866915886202757,-0.004495759681209743,-0.007912390344590348
2023-02-10,0.0023336608612347653,-0.004823976188032542,0.001907183725365691
2023-02-13,0.01173899588915317,0.0023721122112212445,-0.005076142131979822
2023-02-14,-0.0004601894353654101,-0.004527214734026064,0.000753710575139177
2023-02-15,0.003247382627777684,-0.002997416020671939,-0.009964660216673638
2023-02-16,-0.013768804923696698,-0.003317437279701352,-0.0008192404470711567
2023-02-17,-0.0024982609973546177,0.002808404410234999,0.0029867642752561263
2023-02-21,-0.02006091882186034,-0.010890986412197878,-0.003736949885375984
2023-02-22,-0.0013781102007065504,0.0017827181208054377,-0.00562653850662298
2023-02-23,0.005319390642861688,0.003873128860043984,-0.0005304137687138777
2023-02-24,-0.010682374082763513,-0.006047966631908319,-0.007194668444024943
2023-02-27,0.0034058479237095707,0.0030423835501469654,0.0039202848874198
2023-02-28,-0.0036959745632469954,0.0015688735487919825,0.004556002872966314
2023-03-01,-0.0038359157160472446,-0.010025062656641714,0.005772116857109211
2023-03-02,0.0077772966453184544,-0.004113924050632933,-0.0005855587131388118
2023-03-03,0.016037806993288273,0.008049994703950958,0.010723133716160849
2023-03-06,0.0006927435117147773,-0.0017862771881895778,-0.005043828335333789
2023-03-07,-0.015328726481568467,0.00010526315789483043,-0.017480480130520948
2023-03-08,0.0016321089118465082,-0.000315756236185627,-0.0004744988732061639
2023-03-09,-0.01844983910433573,0.006211834070330546,0.009849353853646159
2023-03-10,-0.01442946164061698,0.018415820864287946,0.021562867215041193
2023-03-13,-0.0014252286802624026,0.012123702866536634,0.022948179674469493
2023-03-14,0.016530050252492545,-0.009440665922241465,-0.005791071629371425
2023-03-15,-0.00625433318218338,0.014449682311949097,0.0078041621896736135
2023-03-16,0.017545185984381373,-0.008990807152237656,0.002020088546092147
2023-03-17,-0.015450254107451378,0.011824668705402663,0.029120175330672904
2023-03-20,0.009615631416590942,-0.004029820672980078,0.00038091092126024684
2023-03-21,0.013130517933929164,-0.008699170544203882,-0.018875108790252337
2023-03-22,-0.01704647664886827,0.01316326530612244,0.01702056883073677
2023-03-23,0.002703374122143609,0.00574075939168095,0.012538214129960812
2023-03-24,0.006562021350509539,0.0003004205888244016,-0.011252395216302613
2023-03-27,0.0018698420720151265,-0.012313544899389406,-0.00925668441365024
2023-03-28,-0.0022446468320674873,-0.0006081491992702137,0.008189062929376156
2023-03-29,0.014534883353516603,-0.0017241379310343197,-0.004960750109027412
2023-03-30,0.005855238423938314,0.0015239256324290906,0.00903955514162047
2023-03-31,0.014094624372191555,0.005477784540474762,-0.005212238311013029
2023-04-03,0.003810547306711376,0.0027239709443098725,0.007204399083069468
2023-04-04,-0.005548120074264085,0.006439279605594095,0.01864100025149029
2023-04-05,-0.002618249379248483,0.0041987403778867005,-0.0007979572294923853
2023-04-06,0.00390085858928213,0.0002986560477848954,-0.007134057392322868
2023-04-10,0.001026393606881948,-0.009852707006369532,-0.00739991380771543
2023-04-11,0.00026857255117240797,-0.0004020504573323258,0.006320566149856877
2023-04-12,-0.004075978717172801,0.002916038210155847,0.004885119175434882
2023-04-13,0.013282710777667406,-0.003308602366151936,0.01351567925637065
2023-04-14,-0.0024427648922533685,-0.004929081581329764,-0.017710309930423662
2023-04-17,0.003588251068909809,-0.006368782854832111,-0.004453745438935508
2023-04-18,0.0006522442866117029,0.0016278359955235189,0.0038807739988142576
2023-04-19,-0.00016894812218315458,-0.0021330624682580623,-0.0047785234899327955
2023-04-20,-0.005457115819357816,0.005802117263843831,0.003938282261545023
2023-04-21,0.0007769495969700557,-0.002428903957089501,-0.009887688752754031
2023-04-24,0.001043158635537056,0.004869635791823201,0.0030393487109905415
2023-04-25,-0.015873809466107613,0.009893992932862306,0.005086304853633372
2023-04-26,-0.0042356187016258096,-0.0038988303508947775,-0.005437362045760397
2023-04-27,0.019908027992581623,-0.006523484544359803,5.40759957736725e-05
2023-04-28,0.00853517131010384,0.007475502576017812,0.0002706359945874315
2023-05-01,-0.0010097372396733473,-0.014138173067281823,-0.004491341991342046
2023-05-02,-0.011239223815570742,0.013018714401952902,0.019296624449638644
2023-05-03,-0.006864010320319247,0.006526104417670764,0.008479095563139971
2023-05-04,-0.007082961793121956,-0.0001995012468827273,0.007032943789328838
2023-05-05,0.01851257621010549,-0.005387608500449059,-0.015647920604914822
2023-05-08,0.0002665584179530889,-0.0061189688032902145,0.0012268750012334184
2023-05-09,-0.004385327430957209,-0.0012111425111022145,0.007086152698598802
2023-05-10,0.004672377404238759,0.0074777687954730165,-0.0014284202729870632
2023-05-11,-0.0017439989888822227,0.0037111334002004615,-0.008582781456953681
2023-05-12,-0.0013102661781476677,-0.005995802937943329,-0.0017100411478651045
2023-05-15,0.0034500595252557886,-0.002211722127274496,0.002141266527487806
2023-05-16,-0.006682670959960557,-0.003224181360201417,-0.012499385048908462
2023-05-17,0.012138964046313205,-0.0032346103305368468,-0.0034618921404230285
2023-05-18,0.009633215094448477,-0.006185985194199328,-0.012972914291917603
2023-05-19,-0.00145507235992004,-0.0037755102040817334,0.009898812142542734
2023-05-22,0.00040612010892937533,-0.0018436955853732284,-0.00234148333696349
2023-05-23,-0.011222832177873676,0.0016418676244227548,0.0012006985862835773
2023-05-24,-0.007244801854669247,-0.0025612129904722947,-0.008068418910124886
2023-05-25,0.00865987983166705,-0.006265406737880008,-0.00961802693047542
2023-05-26,0.012950681609807946,0.0018604651162792418,0.0039955604883463725
2023-05-30,0.0003809342502960611,0.007840709790570388,0.0061905261994250615
2023-05-31,-0.005545195048436202,0.0037874910430955033,0.0015382334398064135
2023-06-01,0.009501016884025049,0.0004079135223331587,0.007898090834900673
2023-06-02,0.014461144221204592,-0.00795107033639142,-0.014747443118602543
2023-06-05,-0.0019162459825143863,-0.00030826140567186133,0.006020436343551427
2023-06-06,0.0021774525362336927,0.0006167129201355426,0.0010980564401010806
2023-06-07,-0.003457724925822969,-0.00729327170005134,-0.012010584622134446
2023-06-08,0.006048552480331759,0.006725993377483475,0.01321126912080306
2023-06-09,0.0017943047561346237,-0.0035974920341248495,-0.002684545006300443
2023-06-12,0.009071877391762628,0.0016505054672992792,-0.0008788728234933041
2023-06-13,0.00659292315797444,-0.007106076210092627,-0.007367550032988834
2023-06-14,0.0011908349745797242,0.0013484078415102463,0.0005539492940040969
2023-06-15,0.012397685447588902,0.007768800497203188,0.007030558015943322
2023-06-16,-0.007094486961263247,-0.004316990440949797,-0.0015392226925402541
2023-06-20,-0.00518818561844514,0.0029937029007947036,-0.010350712987942545
2023-06-21,-0.005123724898753901,0.000926307122272485,-0.001446397774687025
2023-06-22,0.0036097162827057883,-0.005655526992287885,-0.009916986466266264
2023-06-23,-0.007560009906760201,0.004136504653567741,0.002757244794482805
2023-06-26,-0.004085755270786806,0.002471678681771561,0.0017395622895621798
2023-06-27,0.010963308918969128,-0.0034929114444216536,-0.004593524429641116
2023-06-28,0.000504390478382577,0.0040206185567011055,-0.0023073892734537527
2023-06-29,0.003941382617810074,-0.010267994660642765,-0.001071750902527091
2023-06-30,0.011800712419271608,0.002178649237472685,0.006663278558924901
2023-07-03,0.0011505369066955318,-0.006728778467908869,0.0011218937566612741
2023-07-05,-0.0014872123867772924,-0.004794163626889114,-0.0035300050428642704
2023-07-06,-0.007830659174508536,-0.008168394596292816,-0.0029802069275753906
2023-07-07,-0.0025247009052450364,-0.0012670256572694383,0.007500986971969992
2023-07-10,0.0025310911533711344,0.005180251612221021,0.0007836990595611049
2023-07-11,0.006368534776872936,0.0021034917963820288,0.003747622776596904
2023-07-12,0.008045925237217588,0.009760705289672433,0.013541376427974372
2023-07-13,0.007936886416234357,0.008315143955929916,0.0007147020013194005
2023-07-14,-0.0006228312127414259,-0.00494794351097827,-0.0031866382718881425
2023-07-17,0.003472222222222321,0.0016575157981975064,0.000716584948276644
2023-07-18,0.007430574039570592,0.0011376564277587597,0.011456267900418426
2023-07-19,0.0022237609810873415,0.003409090909090917,0.0001633631017208259
2023-07-20,-0.0066344901881703056,-0.007927519818799467,-0.005063374530407616
2023-07-21,0.0,0.0008302200083021294,-0.0030645724491314974
2023-07-24,0.004467291885251301,-0.0023849025300705096,-0.004281480090102097
2023-07-25,0.0027300527800515617,-0.0018709073900841089,0.0055678613874234895
2023-07-26,0.00015371948006337455,0.0034364261168384758,0.00487911846938216
2023-07-27,-0.00662997504709073,-0.010896637608966309,-0.01571194762684136
2023-07-28,0.009790316024449464,0.003252544329031659,0.007981376787495886
2023-07-31,0.001904053184276222,0.001254967580003985,0.002694435279885443
2023-08-01,-0.0028615740216786367,-0.00835596406935446,-0.01036468273294855
2023-08-02,-0.01391081725572163,-0.0020012639561828305,-0.004765598760634093
2023-08-03,-0.0028658387576923072,-0.0073878627968337884,-0.00033418706379806373
2023-08-04,-0.004522769806612592,0.01063264221158966,0.0036204190498172473
2023-08-07,0.008728519952552638,-0.002419779063650762,-0.0022753759920084438
2023-08-08,-0.004348672191623715,0.0050622231596710865,-0.006341083546556936
2023-08-09,-0.006685236768802283,0.0006295907660021083,-0.004758228840125334
2023-08-10,0.00035894559730786924,-0.007655201342281925,-0.0010685640963250531
2023-08-11,-0.000583099728644898,-0.005283736658564964,0.0
2023-08-14,0.005520027050825105,-0.0015935408477636415,-0.003040596675642049
2023-08-15,-0.011648881115102983,-0.0019153011278996157,-0.0026544674121766754
2023-08-16,-0.007338165067213853,-0.003837953091684443,-0.005776034883062553
2023-08-17,-0.007619870630063974,-0.0012842465753425403,-0.0015379050214782142
2023-08-18,0.0004813082930779089,0.0030004286326619223,0.00017113519680544975
2023-08-21,0.0065063001145475585,-0.006196581196581175,0.002737694632977794
2023-08-22,-0.002708631128510941,0.00043001505052675526,0.0016495648711676303
2023-08-23,0.011137761294939041,0.010853212980872495,0.010164621796443951
2023-08-24,-0.013859084034941072,-0.0037206335707451466,-0.00022480184383599777
2023-08-25,0.007049806426107086,-0.0003201024327784685,-0.0012932807819352465
2023-08-28,0.006341364183921616,0.002775109403351461,0.0028712982772209905
2023-08-29,0.014454760717888648,0.007131452900478896,0.009768146859035598
2023-08-30,0.004118821800694672,-0.00010568590150084045,0.0025018624562183067
2023-08-31,-0.0014633821542010539,0.0020082443716309406,-0.001663764326543582
2023-09-01,0.0018651936967870597,-0.008649789029535837,0.0004999444506166295
2023-09-05,-0.004321926461136161,-0.006065120238348709,-0.008161678973960473
2023-09-06,-0.006722442496715275,-0.0025693180601648047,-0.004534258844603567
2023-09-07,-0.003070212003047912,0.0034345819469785432,0.0010684361468817904
2023-09-08,0.0015060806675040173,0.0002139266231684367,0.0003370407819345278
2023-09-11,0.006576629704090342,-0.0017110469468507583,0.0018530997304582186
2023-09-12,-0.005485605853816411,0.0013926084627746693,-0.00515660557143649
2023-09-13,0.0011659902949840983,0.0011767222935388233,-0.0023100455062231573
2023-09-14,0.008622382284329877,-0.002243829468960401,0.0005082448610795876
2023-09-15,-0.015520894740227664,-0.0031055900621117516,0.006603826832985327
2023-09-18,0.0005864176647043529,0.0009668063164680607,0.005887630368958119
2023-09-19,-0.002073822780244816,-0.0036488516849109143,-0.000947655945147341
2023-09-20,-0.009193332185704617,-0.0007539853511417949,0.0007254212699474571
2023-09-21,-0.01652836000984037,-0.007437749272394045,-0.007248452341875988
2023-09-22,-0.0022485453476310813,0.003909643788010397,0.0032013479359729313
2023-09-25,0.004205194828186487,-0.007356122890523453,-0.005150599037062054
2023-09-26,-0.014691275138438487,-0.00032693984306886303,-0.007990996060776467
2023-09-27,0.0003991499953037714,-0.0044696391583998185,-0.012366632629907004
2023-09-28,0.005797441750908128,0.002737625930792742,-0.004997185238530433
2023-09-29,-0.0024269112859822695,0.00021841214371520756,-0.010275356462506546
2023-10-02,-0.00039770280720263784,-0.01069985806310736,-0.01049874599008449
2023-10-03,-0.013386066321874113,-0.008277232093587883,-0.0028882406653840675
2023-10-04,0.007281956403140555,0.006343200534164373,-0.00011823126034526954
2023-10-05,-0.00037677200584007586,0.0018799071104720344,-0.0018328012297503804
2023-10-06,0.011872815076560572,-0.005849889624724103,0.005153112598471621
2023-10-09,0.006402197550817279,0.012767847229932405,0.01838544490276961
2023-10-10,0.0052048392235573004,-0.0019732514799385426,-0.0016781042889650877
2023-10-11,0.0040962856331687725,0.005492091388400677,0.00730301976467862
2023-10-12,-0.006096465756865066,-0.009613283810356199,-0.0030496578082547243
2023-10-13,-0.00498086058202285,0.006397529230090404,0.03214827612537685
2023-10-16,0.010521460023174889,-0.005918456817185391,-0.004864899625342534
2023-10-17,-4.591321791780345e-05,-0.009812568908489583,0.001854236802975917
2023-10-18,-0.013325077136945085,-0.004676539360872978,0.014470862890283431
2023-10-19,-0.0087864068428537,-0.004922250811052686,0.01227400895670927
2023-10-20,-0.012288042874282756,0.005789769533445677,0.002730897372876795
2023-10-23,-0.0017332082907951518,0.004750461074163104,-0.003377090255460513
2023-10-24,0.007539385614312444,0.0017799532762263759,-0.00010930753675475469
2023-10-25,-0.014352170526166774,-0.008772903942254162,0.004208800218639119
2023-10-26,-0.011974614105487058,0.007618194039883397,0.0015784345743521389
2023-10-27,-0.004532784014853575,0.0015565932844119335,0.011629803360132973
2023-10-30,0.011955805297453104,-0.003330373001776188,-0.005640505272119567
2023-10-31,0.0062802521716116555,-0.0021162842503897883,-0.005456563724658858
2023-11-01,0.010664729539341833,0.008706328831342702,-0.0031506871638873335
2023-11-02,0.01916436379122688,0.006196746707978429,0.003324124207080059
2023-11-03,0.009123386360771812,0.007698229407236301,0.0036388768194655086
2023-11-06,0.0023004900043708254,-0.005784131834552064,-0.007792521662022933
2023-11-07,0.002846037320112904,0.0057080131723381555,-0.004145132034625965
2023-11-08,0.0007324056652646682,0.004038419559048156,-0.009967687167971917
2023-11-09,-0.007798742138364845,-0.00989237960647893,0.0039830170935442055
2023-11-10,0.01560480822423016,0.0010979358805447426,-0.0109098015918343
2023-11-13,-0.0009532012653639121,-0.0005483658697084115,0.005570720604463286
2023-11-14,0.019400736045798395,0.015033468671129313,0.008919229345700108
2023-11-15,0.0021170413808515587,-0.007783783783783749,-0.0026356248627279477
2023-11-16,0.0012231364797887778,0.00751797777293528,0.011286060339132487
2023-11-17,0.0012438086923614033,0.0006488590894344615,-0.00010887908977086358
2023-11-20,0.007697597380208254,0.0014049497460282279,-0.0016333641857678716
2023-11-21,-0.0021794126231803324,0.0012950571983596504,0.010797894966461108
2023-11-22,0.003860833583974932,-0.0003233455486095771,-0.004262260358119163
2023-11-24,0.0006153575802241296,-0.005175202156334269,0.005201560468140576
2023-11-27,-0.001800966435338558,0.0075864311260431805,0.006737818025010833
2023-11-28,0.0009900985524093908,0.0044100247391631875,0.013331852010494138
2023-11-29,-0.0007034049348999538,0.005247376311844132,0.001479446342568247
2023-11-30,0.003937440970005923,-0.0049003941621391656,-0.004167933110052369
2023-12-01,0.00591590722865698,0.0067444599079329315,0.017271470198675365
2023-12-04,-0.005249422669365678,-0.004147171416418516,-0.021613406677433722
2023-12-05,-0.00019704832599798383,0.007047517351841837,-0.0037794634302140695
2023-12-06,-0.00402978528187059,0.004135298483723959,0.0036869358101487837
2023-12-07,0.007630398284141027,-0.0014783526927137913,0.0016502874787052146
2023-12-08,0.004299150987513878,-0.006450930626057505,-0.013340367437702283
2023-12-11,0.003889569667762327,0.0001064395955294728,-0.011042878689937474
2023-12-12,0.0045672418140487725,0.002128565346956268,-0.0005446375074894538
2023-12-13,0.013790109592973332,0.014868309260832602,0.022562481739468954
2023-12-14,0.0032093730074389537,0.005336961071577884,0.005862601929328859
2023-12-15,-0.0056778880600435455,-0.0008327261371916528,-0.009166534202299514
2023-12-18,0.0056250613773904945,-0.0021877278883216666,0.00454550802139031
2023-12-19,0.00608089497213804,0.0018793067446229994,0.006813893701682616
2023-12-20,-0.01385727824109162,0.0048978741142144955,-0.005445936657325623
2023-12-21,0.009481911555932365,-0.0015555325106295648,0.007070600368389135
2023-12-22,0.002009688978005242,-0.0009347735770669496,0.0044344087227159434
2023-12-26,0.004222527271667387,0.0006237654641854107,0.007620749461291876
2023-12-27,0.0018080942249152354,0.007792207792207684,0.004537867723763744
2023-12-28,0.00037772553823156585,-0.0038144329896907525,-0.005815462900462198
2023-12-29,-0.0028949631836203693,-0.0024837007140638967,-0.0015668250900925385
2024-01-02,-0.005596368685699904,-0.0037348272642390157,-0.0023539258251816797
2024-01-03,-0.00816667741810384,0.0023950848693117255,-0.008336828859060397
2024-01-04,-0.00322107973247987,-0.006025348015790577,0.0010046528842595492
2024-01-05,0.0013696498887176833,-0.0036580267558529167,0.0001584618551415673
2024-01-08,0.014275944300821797,0.0033567607258995213,-0.00781626576095762
2024-01-09,-0.001517088042202075,-0.0004181913225300704,0.0003193165486772287
2024-01-10,0.005655440195830197,-0.0015688735487919825,-0.0022880328999113075
2024-01-11,-0.00044063706563712834,0.005342551854179867,0.0019733333333333825
2024-01-12,0.0006927259222686555,0.00270917995206843,0.009794059722148418
2024-01-16,-0.0036712260567094424,-0.008105580380338817,-0.009488218360222622
2024-01-17,-0.005558671921307767,-0.0032477737035097043,-0.011015911872705009
2024-01-18,0.00889279872762927,-0.00220727349169636,0.008232888506241931
2024-01-19,0.012466159047748393,0.000105340777414753,0.002988685488605425
2024-01-22,0.002114337875222194,0.003054560775226589,-0.00377794943744747
2024-01-23,0.0029164959578757976,-0.002520214218208694,0.00389915607306901
2024-01-24,0.0010931403104637027,-0.0028424044636277124,-0.00824692737430155
2024-01-25,0.005438904686151158,0.004328547297297369,0.00397001094259708
2024-01-26,-0.0012704137040754349,-0.0017870282770945378,-0.0006947205300844583
2024-01-29,0.007919390246404534,0.0060025273799495515,0.007058499922918626
2024-01-30,-0.0007734647092935143,0.0013608290589344207,0.0013805554080603688
2024-01-31,-0.016317321267140916,0.008362952122099143,-0.0007423511320855392
2024-02-01,0.013088158548707707,0.003732116939664021,0.010400636773679972
2024-02-02,0.010527391444656642,-0.013013840115678521,-0.00945328501654319
2024-02-05,-0.0036411853213070833,-0.009732105483465925,-0.005513970627220255
2024-02-06,0.0029032992163902094,0.005389411391736321,0.005224662514012879
2024-02-07,0.008340418471589617,-0.0017868404456590214,-0.00026518164942990197
2024-02-08,0.0004416783689684678,-0.003264188691165626,-0.0009018567639256236
2024-02-09,0.0057794187313489065,-0.0017959011197972163,-0.003876121701269164
2024-02-12,-0.0004389465195741016,0.0009524817441000089,-0.0026119934641793963
2024-02-13,-0.01377304455720696,-0.010995982237259394,-0.013788680455347202
2024-02-14,0.009087637813464111,0.0037417147744280843,-0.0005961090337615049
2024-02-15,0.006899733098667538,0.002769197997656958,0.006723782669992406
2024-02-16,-0.004979980379275717,-0.004354753053637972,0.0036626090703437697
2024-02-20,-0.0055053951771657506,0.0017068487305313962,0.006064183750134067
2024-02-21,0.0009058297587198894,-0.0031948881789138905,5.334186803218621e-05
2024-02-22,0.02069550131122666,0.00010683760683760646,0.00042671218263290456
2024-02-23,0.0006896748768472349,0.004593526332656861,0.005651524845382783
2024-02-26,-0.003662538078910371,-0.001488728200765621,-0.002226699183543679
2024-02-27,0.0018577442609091221,-0.0022364217252397456,-0.0010626992561104665
2024-02-28,-0.0013216420673788365,0.003628989219767398,0.0018085106382979
2024-02-29,0.003594951139830327,0.0020206317132829277,0.0051502601677817506
2024-03-01,0.009388265812239505,0.0019104224156230032,0.01891078125825363
2024-03-04,-0.00107241887773879,-0.0022245762711865513,0.016174970190263815
2024-03-05,-0.009994144251300852,0.006157766217220528,0.0060201523401945956
2024-03-06,0.005067254329178095,0.0024269283528544072,0.008215426745778132
2024-03-07,0.0099264345267287,0.0016842105263157325,0.005683818721392342
2024-03-08,-0.006002214409199347,0.0007356031946197383,0.00845253576072813
2024-03-11,-0.0008598452278590907,-0.0012601071091042915,0.0018350443882360068
2024-03-12,0.010757373650446045,-0.0041005151929345285,-0.010940643564356534
2024-03-13,-0.0015675141316896513,-0.002217060810810745,0.007007408128905768
2024-03-14,-0.0019767817107649854,-0.0074066236377102745,-0.004175108106764802
2024-03-15,-0.009942751530386484,-0.0017055750986034734,-0.003194409623438421
2024-03-18,0.005943157639667351,-0.0011745862253069728,0.0016022732160496655
2024-03-19,0.005557130709299418,0.0028864656831302238,-0.0011498275258711166
2024-03-20,0.009249306422240977,0.0023451657605799703,0.011911861861861883
2024-03-21,0.003304699635133135,0.00010634903754125347,-0.0010386289958763673
2024-03-22,-0.001895806168215164,0.004891535516801326,-0.008020943704510564
2024-03-25,-0.0027628018356207207,-0.002645502645502673,0.003194409623438643
2024-03-26,-0.0018470091830230517,0.0014854111405835368,0.0032339418262627984
2024-03-27,0.00840380871610047,0.0038139633435745335,0.007240676453084793
2024-03-28,-0.0001910851230416677,-0.0009498680738786458,0.012899999364844872
2024-04-01,-0.0017398053465156327,-0.011937460384534027,0.010208098386155884
2024-04-02,-0.006358089839786252,-0.0021383513311237223,0.014772350362219688
2024-04-03,0.0010984888733431841,0.001178613521911398,0.008772393190763061
2024-04-04,-0.01220608068035356,0.0034246575342467,-0.00573474636952398
2024-04-05,0.010446878389948955,-0.006612627986348207,0.017114220877458175
2024-04-08,0.0005593426414240987,-0.0022546703886621167,0.006228502370549505
2024-04-09,0.0011567705789310434,0.003981491445173679,0.00549704360679959
2024-04-10,-0.01001311310919839,-0.013290460878885302,-0.009463867322092923
2024-04-11,0.007546876215669407,-0.001412122528785531,0.019433235935253368
2024-04-12,-0.013803069498069531,0.0041335798977482074,-0.01323930846223853
2024-04-15,-0.012528139130309479,-0.006391506878994702,0.018719166397713094
2024-04-16,-0.0018237882481161316,-0.003924989097252474,0.0012219959266803748
2024-04-17,-0.005918237245049918,0.006348511383537536,-0.007368230720549707
2024-04-18,-0.002057736530970633,-0.0034805307809440134,0.003415456077234813
2024-04-19,-0.008728359399590713,0.0013097576948264411,0.0031315240083507057
2024-04-22,0.00920914451894328,0.00010900370612598742,-0.02470248382572504
2024-04-23,0.011866625310173573,0.0013079019073569675,-0.0024586907984093243
2024-04-24,-0.0004746168392092409,-0.0030477849134646906,-0.0018600726311417404
2024-04-25,-0.0037989157317822597,-0.003821377879681287,0.005963473723443968
2024-04-26,0.009473912281751762,0.0027400263042525186,0.0032419414597999463
2024-04-29,0.0035414747660356127,0.0040441578314569515,-0.002031252885236867
2024-04-30,-0.01584125397012115,-0.004681036359677648,-0.01993704412697961
2024-05-01,-0.0032471412556847046,0.0009843596193808146,0.009062113560202034
2024-05-02,0.009353432410244222,0.004698426573426673,-0.0030870949570650508
2024-05-03,0.012395323050115925,0.0055464926590538255,-0.000797588326373555
2024-05-06,0.010326820193494513,0.0008652390222800843,0.010518359761534368
2024-05-07,0.0011034322337062363,0.002593473092716625,-0.004600325278810269
2024-05-08,9.666627805504646e-05,-0.002802328087950001,-0.0029410857130346413
2024-05-09,0.005761867012123112,0.003026372676178113,0.015778630957954842
2024-05-10,0.0012881366202639466,-0.003232758620689613,0.008112514404240656
2024-05-13,0.00013428307344209856,0.0011891891891890882,-0.011202139307661452
2024-05-14,0.004588163286642244,0.002915451895043608,0.008462083069549875
2024-05-15,0.012383031002924483,0.007536606373815813,0.012838736301526765
2024-05-16,-0.002057514323444698,-0.0019234879247701508,-0.003893340576757609
2024-05-17,0.0014375342828500948,-0.003104925053533214,0.01649775030677625
2024-05-20,0.001152120102896781,-0.0015035978949629047,0.004023964946794356
2024-05-21,0.0024525336754330773,0.00258147789609553,-0.0014695404346277696
2024-05-22,-0.0028793473893283794,-0.001287415513356871,-0.018373990991392697
2024-05-23,-0.007304229382850025,-0.0035449564937157785,-0.0199445731679615
2024-05-24,0.006616434458269316,0.001293661060801865,0.0009271277582050264
2024-05-28,0.0006988516168024983,-0.005598621877691556,0.010513153019636956
2024-05-29,-0.007002548083275162,-0.004872239064530159,-0.0093038177735002
2024-05-30,-0.0066337010695189935,0.005004896094005007,0.001896789415247957
2024-05-31,0.009108149654774023,0.004655191079354637,-0.005864200680417264
2024-06-03,0.0008153478582400009,0.003556034482758541,0.008917789131444476
2024-06-04,0.0011178855838931412,0.005476216042091808,-0.008977073934260171
2024-06-05,0.011885103580970613,0.0036309269542931233,0.011845635713290115
2024-06-06,-1.872182911777376e-05,-0.0004256224728665936,0.007391331953386704
2024-06-07,-0.0012156511361792743,-0.01053864168618257,-0.03568327191738929
2024-06-10,0.003089754815644996,-0.002151694459386788,0.009168147014737782
2024-06-11,0.002408318844508761,0.005283018867924483,0.0028566077951019953
2024-06-12,0.008213017818921475,0.005577005577005689,0.0026617325548321524
2024-06-13,0.0020134845946040425,0.006612627986348096,-0.008150149031296627
2024-06-14,0.0006083878586342628,0.002331002331002363,0.012959571770671863
2024-06-17,0.007958933198039642,-0.0046511627906976605,-0.0051916747786584505
2024-06-18,0.002540687352977189,0.004354290569243746,0.004007268999580482
2024-06-20,-0.002716530888740576,-0.0025378026858411395,0.012484336566575438
2024-06-21,-0.004552084095064024,0.0002120216262058161,-0.015493215988265474
2024-06-24,-0.003250665676467368,0.0008479067302598065,0.003957537945805001
2024-06-25,0.0038508863148263295,0.0008471883935190494,-0.004962203774984908
2024-06-26,0.0012480773361203124,-0.006031107819278514,-0.009228187919463005
2024-06-27,0.0015764880281483595,0.0022354694485842153,0.011336955499106294
2024-06-28,-0.003935117228251905,-0.005310674455655917,9.29345507727497e-05
2024-07-01,0.0020581016165208688,-0.01046449546182604,0.0026046231619285543
2024-07-02,0.0067297095355352,0.003776842559620075,-4.6435030549907275e-05
2024-07-03,0.00446259622843681,0.006665233283164929,0.011273009834848802
2024-07-05,0.005766492374188692,0.005553182400683365,0.013486764829268916
2024-07-08,0.0011539376685070213,0.0003186066270177701,-0.012402073616171405
2024-07-09,0.0009724462808431422,-0.001380188979721808,0.0016957697419679452
2024-07-10,0.00989528966400477,0.0009568360620879623,0.0036603221083455484
2024-07-11,-0.008622585893562018,0.006372809346786967,0.017733406272793628
2024-07-12,0.006307522509614971,0.0021108179419524475,-0.0006270996640537208
2024-07-15,0.0027501205869768786,-0.003159557661927326,0.0032271077047196783
2024-07-16,0.005930154795105169,0.004437400950871417,0.019925791895635037
2024-07-17,-0.014021155932817941,0.0008414852214160273,-0.004643173360338704
2024-07-18,-0.0076849032211728785,-0.0028376248029428064,-0.006381199665537074
2024-07-19,-0.006640575035677054,-0.003161888701517679,-0.01793781557268137
2024-07-22,0.01030989654292247,-0.0009515753859167253,0.00031569927389174524
2024-07-23,-0.0015685386615510444,0.0007408191342999082,0.0035166816952210134
2024-07-24,-0.022662518184341285,-0.002220812182741172,-0.0035043579836463445
2024-07-25,-0.005210372862197943,0.0022257551669317976,-0.01564472497745717
2024-07-26,0.011199699738100977,0.004758883248731083,0.010534511977281946
2024-07-29,0.00058777826757761,0.0016840332596568253,-0.001405021982504695
2024-07-30,-0.005066469545002006,0.002101502574340719,0.009985429830000614
2024-07-31,0.01625461254612537,0.0073398343294535096,0.018110731619629616
2024-08-01,-0.014160944790399532,0.0012490892057874792,-0.0034429485764732037
2024-08-02,-0.018618422890583464,0.015490175693939179,-0.0019045931700403251
2024-08-05,-0.029123699413634907,0.0010237510237509628,-0.012691932191355337
2024-08-06,0.009219567822490227,-0.008897525056248745,-0.008000719165767722
2024-08-07,-0.006683998594886553,-0.00361159839025893,-0.0006796556411416965
2024-08-08,0.02311736145744958,-0.003003314001657098,0.01568800725459063
2024-08-09,0.004409629533227877,0.004051106263633475,0.0024552922840628266
2024-08-12,0.0005253944825494017,0.0027932960893854997,0.017144638403989942
2024-08-13,0.016445627301530985,0.004436191065717354,-0.0015323322096230108
2024-08-14,0.0031547857410811897,0.001335250616269379,-0.00815574848724021
2024-08-15,0.017140248275862024,-0.006257052005333885,0.0031388152077806986
2024-08-16,0.0022420127245734722,0.001961189099917382,0.022387774888722456
2024-08-19,0.009561418700727131,0.0013392397239107012,-0.0016380446726994569
2024-08-20,-0.001626096775005803,0.00401234567901243,0.0036700056128837755
2024-08-21,0.0034365311717106106,0.002049390306383847,-0.0013336487424224774
2024-08-22,-0.007848507010095984,-0.004601697515083325,-0.011974973593580573
2024-08-23,0.01062534665916437,0.004622971029381473,0.011553385359898805
2024-08-26,-0.0023838258054186268,-0.0012271193373556422,0.0031893371261098036
2024-08-27,0.001373098713354226,-0.0004095423364390838,0.0027066937062507623
2024-08-28,-0.005805274592207366,-0.0005121376626037177,-0.00702686490423754
2024-08-29,8.953967561420306e-05,-0.0017421602787456303,0.005177993527508029
2024-08-30,0.009546001953828265,-0.003490401396160636,-0.007126035629963501
2024-09-03,-0.020578999087762506,0.0036056454105286573,-0.0043235766493828764
2024-09-04,-0.0020468228500643004,0.005850954629439409,0.0006079291592309133
2024-09-05,-0.0024321988849768106,0.0023471782834982857,0.008332335561009208
2024-09-06,-0.016830116206584922,0.0014253716147423212,-0.007402668069607543
2024-09-09,0.011196202738844585,0.0014233428222854005,0.0042059142349217815
2024-09-10,0.004355722132961759,0.0042639593908628814,0.0044041017096674295
2024-09-11,0.0102589336634753,-0.0007076425394259012,-0.001590576906542851
2024-09-12,0.008423307543858671,-0.0016186140617096,0.01756727664155
2024-09-13,0.005222736667295003,0.0019252203870705475,0.009943680446832692
2024-09-16,0.0014768776093507796,0.002629449838187803,-8.375230784951615e-05
2024-09-17,0.00040860633171391214,-0.0018156142828323896,-0.005530880750858946
2024-09-18,-0.0029658656478613876,-0.004345189975747732,-0.007710499705064544
2024-09-19,0.017064409794641522,-0.0008119354511315624,0.015540784490713166
2024-09-20,-0.0047812184238053,-0.0003047232097511676,0.01271066605343485
2024-09-23,0.0024988649362076565,-0.0006096321885795675,0.0019403822327574982
2024-09-24,0.0028613233226717494,0.0011183407889385766,0.013969095680282484
2024-09-25,-0.002205513779196755,-0.00406215090890627,-0.0013817612312854166
2024-09-26,0.0039646517424969385,-0.0007137758743753775,0.005086883978350221
2024-09-27,-0.0014503232823750434,0.003979591836734686,-0.007935865252247098
2024-09-30,0.004007279682605169,-0.0027441813192397024,-0.007999346992082268
2024-10-01,-0.00895846679868817,0.0007134121483896028,0.010491236731671183
2024-10-02,0.00042205690971131027,-0.002851614217333709,0.00020357477301402582
2024-10-03,-0.001828182713289439,-0.0051067306710244065,-0.000691972645119221
2024-10-04,0.009087333854261193,-0.00964993327173802,-0.0019960486375800723
2024-10-07,-0.009040438027171471,-0.0036280709028713165,-0.0033877551020408125
2024-10-08,0.009457538032010326,0.0008322929671245038,-0.007371913011426368
2024-10-09,0.006926444403106968,-0.003742203742203687,-0.005446218591409813
2024-10-10,-0.0017500259599052548,-0.00010434056761277066,0.007342916407384381
2024-10-11,0.0059882665370663,0.00031305436710837853,0.010913392187077209
2024-10-14,0.008178318500351445,-0.0017734195702066025,-0.0016294862916038655
2024-10-15,-0.007769680863744521,0.005120702267739752,0.0034683558383989954
2024-10-16,0.004346407033025912,0.001559575795383461,0.0050015858815875
2024-10-17,8.584922009013951e-05,-0.0051904910204505494,0.005988306938632615
2024-10-18,0.0038465700642764666,0.0011478660127308693,0.01061818766842304
2024-10-21,-0.0016422278019349035,-0.007713154054617366,-0.00019898913519322825
2024-10-22,-0.0005311413052789815,-0.0009453781512605008,0.01078731788870324
2024-10-23,-0.009137385840749745,-0.0023131111344758537,-0.012050526209999801
2024-10-24,0.0021626672115895307,0.0022130888397091653,0.007693227568063232
2024-10-25,-0.0003452972920602315,-0.002208201892744399,0.002057001582278506
2024-10-28,0.0030913927566798005,-0.0023184740225523637,3.9436284563709734e-05
2024-10-29,0.001618373650866145,0.00042252033379108767,0.01089488019579199
2024-10-30,-0.0030252676134807643,-0.0014781966001478075,0.0055058768401734515
2024-10-31,-0.019603109953223008,-0.0005287088928835892,-0.015495184466019496
2024-11-01,0.004220543679295474,-0.008992805755395628,-0.004102362987746466
2024-11-04,-0.002153929747616079,0.005337888331376162,0.0014259119895434491
2024-11-05,0.012091767431249067,0.0005309546564722378,0.002254439742119141
2024-11-06,0.02486556225306802,-0.010295054128635073,-0.030386702067352167
2024-11-07,0.007732150369929247,0.008042895442359255,0.016076475376475496
2024-11-08,0.004331710420102386,0.0021276595744681437,-0.006769397427173862
2024-11-11,0.0009528912218523811,-0.0027600849256900206,-0.023471567048251152
2024-11-12,-0.0031064031814681536,-0.006280604641260457,-0.00863137028165517
2024-11-13,0.000485810002150755,-0.0006427423674342236,-0.010081233076442486
2024-11-14,-0.006430147859140423,-0.00010719262514746752,-0.002609140260068199
2024-11-15,-0.012808595695916192,0.0004288164665522398,-0.0017720350100010052
2024-11-18,0.004097345283824216,0.0022503214744964417,0.019020245995181595
2024-11-19,0.0036554789201570514,0.0021383513311237223,0.008959309801318982
2024-11-20,0.0003388277204612322,-0.0014936519790889058,0.0056320657759507675
2024-11-21,0.005368298052497833,-0.0005342451116572278,0.008339465293107695
2024-11-22,0.003099415604609135,0.0006414368184732844,0.012892240330819815
2024-11-25,0.0033920840390240237,0.010790598290598252,-0.029458853666346485
2024-11-26,0.005221478157340531,-0.0021139414438220427,0.0019383041900362663
2024-11-27,-0.0030300506774312286,0.004024997351975479,0.0022227207244289726
2024-11-29,0.006212063316398231,0.004219854415022484,0.008624542748180808
2024-12-02,0.0017923990007866486,-0.0031515915537345673,-0.008754428111893864
2024-12-03,0.0004638106124612573,-0.0028453999367688,0.0020127752218206396
2024-12-04,0.006209534841757902,0.0038046924540267035,0.0030336983164718223
2024-12-05,-0.0016456571921299457,-0.00010528532322595652,-0.007397719377120082
2024-12-06,0.0018956747714866662,0.003158892281773129,0.00037058387548372096
2024-12-09,-0.0051496520294170844,-0.0034638396137294247,0.009919736571311066
2024-12-10,-0.0031090825413290224,-0.0017906045923741232,0.013164329964134192
2024-12-11,0.007730640473301964,-0.002954521473039984,0.009533810692304634
2024-12-12,-0.0051526024708589135,-0.0038099269763995913,-0.014663730687610399
2024-12-13,-0.0001985670015201002,-0.004674386486773541,-0.012091596570689145
2024-12-16,0.004269972219262508,0.00032020493115592075,0.0024152033409146068
2024-12-17,-0.004120041665816587,0.0,-0.0038386148317542945
2024-12-18,-0.02980348937773225,-0.010990183525394825,-0.019185086496679604
2024-12-19,-0.000307105804030261,-0.004531233142733848,0.001421131882518356
2024-12-20,0.008616345627584066,0.003684837975506783,0.01043405632579053
2024-12-23,0.00598829380061594,-0.004427167692473755,-0.004708797822850053
2024-12-24,0.01111501790849001,0.0005422993492407713,0.001991990289176959
2024-12-26,6.658905815037919e-05,0.0007588075880757827,0.0067512011265737915
2024-12-27,-0.010526523571031787,-0.0025996533795493715,-0.006870530840065392
2024-12-30,-0.011411639948712748,0.005864465682015707,-0.003189685301975387
2024-12-31,-0.003638009773792583,-0.0018354567048154413,0.006233636703652845
